metric,scope,category,sub_niche,geo,traffic_source,variant,cohort_day,stat,value,unit,period,source_id,source_locator,value_source_id,value_source_locator,n,sample_note,note
cr,country,all,all,RO,apple_ads,all,,aggregate,73.54,percent,2025,report-2026,p27,workbook-2026,all_by_country!A2:I2,,"Per-row app count is not published; report-wide sample is 8,000+ apps and 1,000,000+ ad groups.",
ttr,country,all,all,RO,apple_ads,all,,aggregate,15.1,percent,2025,report-2026,p26,report-2026,p26,,"Per-row app count is not published; report-wide sample is 8,000+ apps and 1,000,000+ ad groups.",Printed PDF value overrides the workbook-derived rounded value.
cpt,country,all,all,RO,apple_ads,all,,aggregate,0.339,usd,2025,report-2026,p28,workbook-2026,all_by_country!A2:I2,,"Per-row app count is not published; report-wide sample is 8,000+ apps and 1,000,000+ ad groups.",
cpa,country,all,all,RO,apple_ads,all,,aggregate,0.46,usd,2025,report-2026,p25,workbook-2026,all_by_country!A2:I2,,"Per-row app count is not published; report-wide sample is 8,000+ apps and 1,000,000+ ad groups.",
cr,country,all,all,ZA,apple_ads,all,,aggregate,72.2,percent,2025,report-2026,p27,workbook-2026,all_by_country!A3:I3,,"Per-row app count is not published; report-wide sample is 8,000+ apps and 1,000,000+ ad groups.",
ttr,country,all,all,ZA,apple_ads,all,,aggregate,16.5,percent,2025,report-2026,p26,report-2026,p26,,"Per-row app count is not published; report-wide sample is 8,000+ apps and 1,000,000+ ad groups.",Printed PDF value overrides the workbook-derived rounded value.
cpt,country,all,all,ZA,apple_ads,all,,aggregate,0.408,usd,2025,report-2026,p28,workbook-2026,all_by_country!A3:I3,,"Per-row app count is not published; report-wide sample is 8,000+ apps and 1,000,000+ ad groups.",
cpa,country,all,all,ZA,apple_ads,all,,aggregate,0.56,usd,2025,report-2026,p25,workbook-2026,all_by_country!A3:I3,,"Per-row app count is not published; report-wide sample is 8,000+ apps and 1,000,000+ ad groups.",
cr,country,all,all,BR,apple_ads,all,,aggregate,71.16,percent,2025,report-2026,p27,workbook-2026,all_by_country!A4:I4,,"Per-row app count is not published; report-wide sample is 8,000+ apps and 1,000,000+ ad groups.",
ttr,country,all,all,BR,apple_ads,all,,aggregate,12.5,percent,2025,report-2026,p26,report-2026,p26,,"Per-row app count is not published; report-wide sample is 8,000+ apps and 1,000,000+ ad groups.",Printed PDF value overrides the workbook-derived rounded value.
cpt,country,all,all,BR,apple_ads,all,,aggregate,0.29,usd,2025,report-2026,p28,workbook-2026,all_by_country!A4:I4,,"Per-row app count is not published; report-wide sample is 8,000+ apps and 1,000,000+ ad groups.",
cpa,country,all,all,BR,apple_ads,all,,aggregate,0.41,usd,2025,report-2026,p25,workbook-2026,all_by_country!A4:I4,,"Per-row app count is not published; report-wide sample is 8,000+ apps and 1,000,000+ ad groups.",
cr,country,all,all,AZ,apple_ads,all,,aggregate,70.94,percent,2025,report-2026,p27,workbook-2026,all_by_country!A5:I5,,"Per-row app count is not published; report-wide sample is 8,000+ apps and 1,000,000+ ad groups.",
ttr,country,all,all,AZ,apple_ads,all,,aggregate,17.0,percent,2025,report-2026,p26,report-2026,p26,,"Per-row app count is not published; report-wide sample is 8,000+ apps and 1,000,000+ ad groups.",Printed PDF value overrides the workbook-derived rounded value.
cpt,country,all,all,AZ,apple_ads,all,,aggregate,0.221,usd,2025,report-2026,p28,workbook-2026,all_by_country!A5:I5,,"Per-row app count is not published; report-wide sample is 8,000+ apps and 1,000,000+ ad groups.",
cpa,country,all,all,AZ,apple_ads,all,,aggregate,0.31,usd,2025,report-2026,p25,workbook-2026,all_by_country!A5:I5,,"Per-row app count is not published; report-wide sample is 8,000+ apps and 1,000,000+ ad groups.",
cr,country,all,all,AL,apple_ads,all,,aggregate,69.83,percent,2025,report-2026,p27,workbook-2026,all_by_country!A6:I6,,"Per-row app count is not published; report-wide sample is 8,000+ apps and 1,000,000+ ad groups.",
ttr,country,all,all,AL,apple_ads,all,,aggregate,14.2,percent,2025,report-2026,p26,report-2026,p26,,"Per-row app count is not published; report-wide sample is 8,000+ apps and 1,000,000+ ad groups.",Printed PDF value overrides the workbook-derived rounded value.
cpt,country,all,all,AL,apple_ads,all,,aggregate,0.196,usd,2025,report-2026,p28,workbook-2026,all_by_country!A6:I6,,"Per-row app count is not published; report-wide sample is 8,000+ apps and 1,000,000+ ad groups.",
cpa,country,all,all,AL,apple_ads,all,,aggregate,0.28,usd,2025,report-2026,p25,workbook-2026,all_by_country!A6:I6,,"Per-row app count is not published; report-wide sample is 8,000+ apps and 1,000,000+ ad groups.",
cr,country,all,all,EC,apple_ads,all,,aggregate,69.71,percent,2025,report-2026,p27,workbook-2026,all_by_country!A7:I7,,"Per-row app count is not published; report-wide sample is 8,000+ apps and 1,000,000+ ad groups.",
ttr,country,all,all,EC,apple_ads,all,,aggregate,15.8,percent,2025,report-2026,p26,report-2026,p26,,"Per-row app count is not published; report-wide sample is 8,000+ apps and 1,000,000+ ad groups.",Printed PDF value overrides the workbook-derived rounded value.
cpt,country,all,all,EC,apple_ads,all,,aggregate,0.312,usd,2025,report-2026,p28,workbook-2026,all_by_country!A7:I7,,"Per-row app count is not published; report-wide sample is 8,000+ apps and 1,000,000+ ad groups.",
cpa,country,all,all,EC,apple_ads,all,,aggregate,0.45,usd,2025,report-2026,p25,workbook-2026,all_by_country!A7:I7,,"Per-row app count is not published; report-wide sample is 8,000+ apps and 1,000,000+ ad groups.",
cr,country,all,all,HR,apple_ads,all,,aggregate,68.97,percent,2025,report-2026,p27,workbook-2026,all_by_country!A8:I8,,"Per-row app count is not published; report-wide sample is 8,000+ apps and 1,000,000+ ad groups.",
ttr,country,all,all,HR,apple_ads,all,,aggregate,13.7,percent,2025,report-2026,p26,report-2026,p26,,"Per-row app count is not published; report-wide sample is 8,000+ apps and 1,000,000+ ad groups.",Printed PDF value overrides the workbook-derived rounded value.
cpt,country,all,all,HR,apple_ads,all,,aggregate,0.365,usd,2025,report-2026,p28,workbook-2026,all_by_country!A8:I8,,"Per-row app count is not published; report-wide sample is 8,000+ apps and 1,000,000+ ad groups.",
cpa,country,all,all,HR,apple_ads,all,,aggregate,0.53,usd,2025,report-2026,p25,workbook-2026,all_by_country!A8:I8,,"Per-row app count is not published; report-wide sample is 8,000+ apps and 1,000,000+ ad groups.",
cr,country,all,all,PT,apple_ads,all,,aggregate,68.88,percent,2025,report-2026,p27,workbook-2026,all_by_country!A9:I9,,"Per-row app count is not published; report-wide sample is 8,000+ apps and 1,000,000+ ad groups.",
ttr,country,all,all,PT,apple_ads,all,,aggregate,11.3,percent,2025,report-2026,p26,workbook-2026,all_by_country!A9:I9,,"Per-row app count is not published; report-wide sample is 8,000+ apps and 1,000,000+ ad groups.",
cpt,country,all,all,PT,apple_ads,all,,aggregate,0.356,usd,2025,report-2026,p28,workbook-2026,all_by_country!A9:I9,,"Per-row app count is not published; report-wide sample is 8,000+ apps and 1,000,000+ ad groups.",
cpa,country,all,all,PT,apple_ads,all,,aggregate,0.52,usd,2025,report-2026,p25,workbook-2026,all_by_country!A9:I9,,"Per-row app count is not published; report-wide sample is 8,000+ apps and 1,000,000+ ad groups.",
cr,country,all,all,JO,apple_ads,all,,aggregate,68.64,percent,2025,report-2026,p27,workbook-2026,all_by_country!A10:I10,,"Per-row app count is not published; report-wide sample is 8,000+ apps and 1,000,000+ ad groups.",
ttr,country,all,all,JO,apple_ads,all,,aggregate,12.6,percent,2025,report-2026,p26,report-2026,p26,,"Per-row app count is not published; report-wide sample is 8,000+ apps and 1,000,000+ ad groups.",Printed PDF value overrides the workbook-derived rounded value.
cpt,country,all,all,JO,apple_ads,all,,aggregate,0.163,usd,2025,report-2026,p28,workbook-2026,all_by_country!A10:I10,,"Per-row app count is not published; report-wide sample is 8,000+ apps and 1,000,000+ ad groups.",
cpa,country,all,all,JO,apple_ads,all,,aggregate,0.24,usd,2025,report-2026,p25,workbook-2026,all_by_country!A10:I10,,"Per-row app count is not published; report-wide sample is 8,000+ apps and 1,000,000+ ad groups.",
cr,country,all,all,CO,apple_ads,all,,aggregate,68.32,percent,2025,report-2026,p27,workbook-2026,all_by_country!A11:I11,,"Per-row app count is not published; report-wide sample is 8,000+ apps and 1,000,000+ ad groups.",
ttr,country,all,all,CO,apple_ads,all,,aggregate,13.1,percent,2025,report-2026,p26,report-2026,p26,,"Per-row app count is not published; report-wide sample is 8,000+ apps and 1,000,000+ ad groups.",Printed PDF value overrides the workbook-derived rounded value.
cpt,country,all,all,CO,apple_ads,all,,aggregate,0.305,usd,2025,report-2026,p28,workbook-2026,all_by_country!A11:I11,,"Per-row app count is not published; report-wide sample is 8,000+ apps and 1,000,000+ ad groups.",
cpa,country,all,all,CO,apple_ads,all,,aggregate,0.45,usd,2025,report-2026,p25,workbook-2026,all_by_country!A11:I11,,"Per-row app count is not published; report-wide sample is 8,000+ apps and 1,000,000+ ad groups.",
cr,country,all,all,OM,apple_ads,all,,aggregate,67.37,percent,2025,report-2026,p27,workbook-2026,all_by_country!A12:I12,,"Per-row app count is not published; report-wide sample is 8,000+ apps and 1,000,000+ ad groups.",
ttr,country,all,all,OM,apple_ads,all,,aggregate,10.5,percent,2025,report-2026,p26,workbook-2026,all_by_country!A12:I12,,"Per-row app count is not published; report-wide sample is 8,000+ apps and 1,000,000+ ad groups.",
cpt,country,all,all,OM,apple_ads,all,,aggregate,0.255,usd,2025,report-2026,p28,workbook-2026,all_by_country!A12:I12,,"Per-row app count is not published; report-wide sample is 8,000+ apps and 1,000,000+ ad groups.",
cpa,country,all,all,OM,apple_ads,all,,aggregate,0.38,usd,2025,report-2026,p25,workbook-2026,all_by_country!A12:I12,,"Per-row app count is not published; report-wide sample is 8,000+ apps and 1,000,000+ ad groups.",
cr,country,all,all,FR,apple_ads,all,,aggregate,67.29,percent,2025,report-2026,p27,workbook-2026,all_by_country!A13:I13,,"Per-row app count is not published; report-wide sample is 8,000+ apps and 1,000,000+ ad groups.",
ttr,country,all,all,FR,apple_ads,all,,aggregate,12.2,percent,2025,report-2026,p26,report-2026,p26,,"Per-row app count is not published; report-wide sample is 8,000+ apps and 1,000,000+ ad groups.",Printed PDF value overrides the workbook-derived rounded value.
cpt,country,all,all,FR,apple_ads,all,,aggregate,0.747,usd,2025,report-2026,p28,workbook-2026,all_by_country!A13:I13,,"Per-row app count is not published; report-wide sample is 8,000+ apps and 1,000,000+ ad groups.",
cpa,country,all,all,FR,apple_ads,all,,aggregate,1.11,usd,2025,report-2026,p25,workbook-2026,all_by_country!A13:I13,,"Per-row app count is not published; report-wide sample is 8,000+ apps and 1,000,000+ ad groups.",
cr,country,all,all,KE,apple_ads,all,,aggregate,66.81,percent,2025,report-2026,p27,workbook-2026,all_by_country!A14:I14,,"Per-row app count is not published; report-wide sample is 8,000+ apps and 1,000,000+ ad groups.",
ttr,country,all,all,KE,apple_ads,all,,aggregate,14.0,percent,2025,report-2026,p26,report-2026,p26,,"Per-row app count is not published; report-wide sample is 8,000+ apps and 1,000,000+ ad groups.",Printed PDF value overrides the workbook-derived rounded value.
cpt,country,all,all,KE,apple_ads,all,,aggregate,0.177,usd,2025,report-2026,p28,workbook-2026,all_by_country!A14:I14,,"Per-row app count is not published; report-wide sample is 8,000+ apps and 1,000,000+ ad groups.",
cpa,country,all,all,KE,apple_ads,all,,aggregate,0.27,usd,2025,report-2026,p25,workbook-2026,all_by_country!A14:I14,,"Per-row app count is not published; report-wide sample is 8,000+ apps and 1,000,000+ ad groups.",
cr,country,all,all,AE,apple_ads,all,,aggregate,66.7,percent,2025,report-2026,p27,workbook-2026,all_by_country!A15:I15,,"Per-row app count is not published; report-wide sample is 8,000+ apps and 1,000,000+ ad groups.",
ttr,country,all,all,AE,apple_ads,all,,aggregate,11.3,percent,2025,report-2026,p26,workbook-2026,all_by_country!A15:I15,,"Per-row app count is not published; report-wide sample is 8,000+ apps and 1,000,000+ ad groups.",
cpt,country,all,all,AE,apple_ads,all,,aggregate,0.485,usd,2025,report-2026,p28,workbook-2026,all_by_country!A15:I15,,"Per-row app count is not published; report-wide sample is 8,000+ apps and 1,000,000+ ad groups.",
cpa,country,all,all,AE,apple_ads,all,,aggregate,0.73,usd,2025,report-2026,p25,workbook-2026,all_by_country!A15:I15,,"Per-row app count is not published; report-wide sample is 8,000+ apps and 1,000,000+ ad groups.",
cr,country,all,all,UA,apple_ads,all,,aggregate,66.67,percent,2025,report-2026,p27,workbook-2026,all_by_country!A16:I16,,"Per-row app count is not published; report-wide sample is 8,000+ apps and 1,000,000+ ad groups.",
ttr,country,all,all,UA,apple_ads,all,,aggregate,11.1,percent,2025,report-2026,p26,workbook-2026,all_by_country!A16:I16,,"Per-row app count is not published; report-wide sample is 8,000+ apps and 1,000,000+ ad groups.",
cpt,country,all,all,UA,apple_ads,all,,aggregate,0.318,usd,2025,report-2026,p28,workbook-2026,all_by_country!A16:I16,,"Per-row app count is not published; report-wide sample is 8,000+ apps and 1,000,000+ ad groups.",
cpa,country,all,all,UA,apple_ads,all,,aggregate,0.48,usd,2025,report-2026,p25,workbook-2026,all_by_country!A16:I16,,"Per-row app count is not published; report-wide sample is 8,000+ apps and 1,000,000+ ad groups.",
cr,country,all,all,SA,apple_ads,all,,aggregate,66.45,percent,2025,report-2026,p27,workbook-2026,all_by_country!A17:I17,,"Per-row app count is not published; report-wide sample is 8,000+ apps and 1,000,000+ ad groups.",
ttr,country,all,all,SA,apple_ads,all,,aggregate,7.9,percent,2025,report-2026,p26,workbook-2026,all_by_country!A17:I17,,"Per-row app count is not published; report-wide sample is 8,000+ apps and 1,000,000+ ad groups.",
cpt,country,all,all,SA,apple_ads,all,,aggregate,0.427,usd,2025,report-2026,p28,workbook-2026,all_by_country!A17:I17,,"Per-row app count is not published; report-wide sample is 8,000+ apps and 1,000,000+ ad groups.",
cpa,country,all,all,SA,apple_ads,all,,aggregate,0.64,usd,2025,report-2026,p25,workbook-2026,all_by_country!A17:I17,,"Per-row app count is not published; report-wide sample is 8,000+ apps and 1,000,000+ ad groups.",
cr,country,all,all,PL,apple_ads,all,,aggregate,66.05,percent,2025,report-2026,p27,workbook-2026,all_by_country!A18:I18,,"Per-row app count is not published; report-wide sample is 8,000+ apps and 1,000,000+ ad groups.",
ttr,country,all,all,PL,apple_ads,all,,aggregate,10.2,percent,2025,report-2026,p26,workbook-2026,all_by_country!A18:I18,,"Per-row app count is not published; report-wide sample is 8,000+ apps and 1,000,000+ ad groups.",
cpt,country,all,all,PL,apple_ads,all,,aggregate,0.409,usd,2025,report-2026,p28,workbook-2026,all_by_country!A18:I18,,"Per-row app count is not published; report-wide sample is 8,000+ apps and 1,000,000+ ad groups.",
cpa,country,all,all,PL,apple_ads,all,,aggregate,0.62,usd,2025,report-2026,p25,workbook-2026,all_by_country!A18:I18,,"Per-row app count is not published; report-wide sample is 8,000+ apps and 1,000,000+ ad groups.",
cr,country,all,all,KW,apple_ads,all,,aggregate,65.96,percent,2025,report-2026,p27,workbook-2026,all_by_country!A19:I19,,"Per-row app count is not published; report-wide sample is 8,000+ apps and 1,000,000+ ad groups.",
ttr,country,all,all,KW,apple_ads,all,,aggregate,9.8,percent,2025,report-2026,p26,workbook-2026,all_by_country!A19:I19,,"Per-row app count is not published; report-wide sample is 8,000+ apps and 1,000,000+ ad groups.",
cpt,country,all,all,KW,apple_ads,all,,aggregate,0.408,usd,2025,report-2026,p28,workbook-2026,all_by_country!A19:I19,,"Per-row app count is not published; report-wide sample is 8,000+ apps and 1,000,000+ ad groups.",
cpa,country,all,all,KW,apple_ads,all,,aggregate,0.62,usd,2025,report-2026,p25,workbook-2026,all_by_country!A19:I19,,"Per-row app count is not published; report-wide sample is 8,000+ apps and 1,000,000+ ad groups.",
cr,country,all,all,PE,apple_ads,all,,aggregate,65.95,percent,2025,report-2026,p27,workbook-2026,all_by_country!A20:I20,,"Per-row app count is not published; report-wide sample is 8,000+ apps and 1,000,000+ ad groups.",
ttr,country,all,all,PE,apple_ads,all,,aggregate,14.6,percent,2025,report-2026,p26,report-2026,p26,,"Per-row app count is not published; report-wide sample is 8,000+ apps and 1,000,000+ ad groups.",Printed PDF value overrides the workbook-derived rounded value.
cpt,country,all,all,PE,apple_ads,all,,aggregate,0.374,usd,2025,report-2026,p28,workbook-2026,all_by_country!A20:I20,,"Per-row app count is not published; report-wide sample is 8,000+ apps and 1,000,000+ ad groups.",
cpa,country,all,all,PE,apple_ads,all,,aggregate,0.57,usd,2025,report-2026,p25,workbook-2026,all_by_country!A20:I20,,"Per-row app count is not published; report-wide sample is 8,000+ apps and 1,000,000+ ad groups.",
cr,country,all,all,PY,apple_ads,all,,aggregate,65.4,percent,2025,report-2026,p27,workbook-2026,all_by_country!A21:I21,,"Per-row app count is not published; report-wide sample is 8,000+ apps and 1,000,000+ ad groups.",
ttr,country,all,all,PY,apple_ads,all,,aggregate,7.4,percent,2025,report-2026,p26,workbook-2026,all_by_country!A21:I21,,"Per-row app count is not published; report-wide sample is 8,000+ apps and 1,000,000+ ad groups.",
cpt,country,all,all,PY,apple_ads,all,,aggregate,0.216,usd,2025,report-2026,p28,workbook-2026,all_by_country!A21:I21,,"Per-row app count is not published; report-wide sample is 8,000+ apps and 1,000,000+ ad groups.",
cpa,country,all,all,PY,apple_ads,all,,aggregate,0.33,usd,2025,report-2026,p25,workbook-2026,all_by_country!A21:I21,,"Per-row app count is not published; report-wide sample is 8,000+ apps and 1,000,000+ ad groups.",
cr,country,all,all,GR,apple_ads,all,,aggregate,65.4,percent,2025,report-2026,p27,workbook-2026,all_by_country!A22:I22,,"Per-row app count is not published; report-wide sample is 8,000+ apps and 1,000,000+ ad groups.",
ttr,country,all,all,GR,apple_ads,all,,aggregate,12.3,percent,2025,report-2026,p26,report-2026,p26,,"Per-row app count is not published; report-wide sample is 8,000+ apps and 1,000,000+ ad groups.",Printed PDF value overrides the workbook-derived rounded value.
cpt,country,all,all,GR,apple_ads,all,,aggregate,0.38,usd,2025,report-2026,p28,workbook-2026,all_by_country!A22:I22,,"Per-row app count is not published; report-wide sample is 8,000+ apps and 1,000,000+ ad groups.",
cpa,country,all,all,GR,apple_ads,all,,aggregate,0.58,usd,2025,report-2026,p25,workbook-2026,all_by_country!A22:I22,,"Per-row app count is not published; report-wide sample is 8,000+ apps and 1,000,000+ ad groups.",
cr,country,all,all,AR,apple_ads,all,,aggregate,65.22,percent,2025,report-2026,p27,workbook-2026,all_by_country!A23:I23,,"Per-row app count is not published; report-wide sample is 8,000+ apps and 1,000,000+ ad groups.",
ttr,country,all,all,AR,apple_ads,all,,aggregate,10.8,percent,2025,report-2026,p26,workbook-2026,all_by_country!A23:I23,,"Per-row app count is not published; report-wide sample is 8,000+ apps and 1,000,000+ ad groups.",
cpt,country,all,all,AR,apple_ads,all,,aggregate,0.38,usd,2025,report-2026,p28,workbook-2026,all_by_country!A23:I23,,"Per-row app count is not published; report-wide sample is 8,000+ apps and 1,000,000+ ad groups.",
cpa,country,all,all,AR,apple_ads,all,,aggregate,0.58,usd,2025,report-2026,p25,workbook-2026,all_by_country!A23:I23,,"Per-row app count is not published; report-wide sample is 8,000+ apps and 1,000,000+ ad groups.",
cr,country,all,all,IT,apple_ads,all,,aggregate,65.21,percent,2025,report-2026,p27,workbook-2026,all_by_country!A24:I24,,"Per-row app count is not published; report-wide sample is 8,000+ apps and 1,000,000+ ad groups.",
ttr,country,all,all,IT,apple_ads,all,,aggregate,10.4,percent,2025,report-2026,p26,workbook-2026,all_by_country!A24:I24,,"Per-row app count is not published; report-wide sample is 8,000+ apps and 1,000,000+ ad groups.",
cpt,country,all,all,IT,apple_ads,all,,aggregate,0.465,usd,2025,report-2026,p28,workbook-2026,all_by_country!A24:I24,,"Per-row app count is not published; report-wide sample is 8,000+ apps and 1,000,000+ ad groups.",
cpa,country,all,all,IT,apple_ads,all,,aggregate,0.71,usd,2025,report-2026,p25,workbook-2026,all_by_country!A24:I24,,"Per-row app count is not published; report-wide sample is 8,000+ apps and 1,000,000+ ad groups.",
cr,country,all,all,MY,apple_ads,all,,aggregate,65.01,percent,2025,report-2026,p27,workbook-2026,all_by_country!A25:I25,,"Per-row app count is not published; report-wide sample is 8,000+ apps and 1,000,000+ ad groups.",
ttr,country,all,all,MY,apple_ads,all,,aggregate,12.0,percent,2025,report-2026,p26,report-2026,p26,,"Per-row app count is not published; report-wide sample is 8,000+ apps and 1,000,000+ ad groups.",Printed PDF value overrides the workbook-derived rounded value.
cpt,country,all,all,MY,apple_ads,all,,aggregate,0.279,usd,2025,report-2026,p28,workbook-2026,all_by_country!A25:I25,,"Per-row app count is not published; report-wide sample is 8,000+ apps and 1,000,000+ ad groups.",
cpa,country,all,all,MY,apple_ads,all,,aggregate,0.43,usd,2025,report-2026,p25,workbook-2026,all_by_country!A25:I25,,"Per-row app count is not published; report-wide sample is 8,000+ apps and 1,000,000+ ad groups.",
cr,country,all,all,MA,apple_ads,all,,aggregate,64.86,percent,2025,report-2026,p27,workbook-2026,all_by_country!A26:I26,,"Per-row app count is not published; report-wide sample is 8,000+ apps and 1,000,000+ ad groups.",
ttr,country,all,all,MA,apple_ads,all,,aggregate,13.3,percent,2025,report-2026,p26,report-2026,p26,,"Per-row app count is not published; report-wide sample is 8,000+ apps and 1,000,000+ ad groups.",Printed PDF value overrides the workbook-derived rounded value.
cpt,country,all,all,MA,apple_ads,all,,aggregate,0.148,usd,2025,report-2026,p28,workbook-2026,all_by_country!A26:I26,,"Per-row app count is not published; report-wide sample is 8,000+ apps and 1,000,000+ ad groups.",
cpa,country,all,all,MA,apple_ads,all,,aggregate,0.23,usd,2025,report-2026,p25,workbook-2026,all_by_country!A26:I26,,"Per-row app count is not published; report-wide sample is 8,000+ apps and 1,000,000+ ad groups.",
cr,country,all,all,ES,apple_ads,all,,aggregate,64.83,percent,2025,report-2026,p27,workbook-2026,all_by_country!A27:I27,,"Per-row app count is not published; report-wide sample is 8,000+ apps and 1,000,000+ ad groups.",
ttr,country,all,all,ES,apple_ads,all,,aggregate,9.8,percent,2025,report-2026,p26,workbook-2026,all_by_country!A27:I27,,"Per-row app count is not published; report-wide sample is 8,000+ apps and 1,000,000+ ad groups.",
cpt,country,all,all,ES,apple_ads,all,,aggregate,0.458,usd,2025,report-2026,p28,workbook-2026,all_by_country!A27:I27,,"Per-row app count is not published; report-wide sample is 8,000+ apps and 1,000,000+ ad groups.",
cpa,country,all,all,ES,apple_ads,all,,aggregate,0.71,usd,2025,report-2026,p25,workbook-2026,all_by_country!A27:I27,,"Per-row app count is not published; report-wide sample is 8,000+ apps and 1,000,000+ ad groups.",
cr,country,all,all,DO,apple_ads,all,,aggregate,64.77,percent,2025,report-2026,p27,workbook-2026,all_by_country!A28:I28,,"Per-row app count is not published; report-wide sample is 8,000+ apps and 1,000,000+ ad groups.",
ttr,country,all,all,DO,apple_ads,all,,aggregate,13.0,percent,2025,report-2026,p26,report-2026,p26,,"Per-row app count is not published; report-wide sample is 8,000+ apps and 1,000,000+ ad groups.",Printed PDF value overrides the workbook-derived rounded value.
cpt,country,all,all,DO,apple_ads,all,,aggregate,0.255,usd,2025,report-2026,p28,workbook-2026,all_by_country!A28:I28,,"Per-row app count is not published; report-wide sample is 8,000+ apps and 1,000,000+ ad groups.",
cpa,country,all,all,DO,apple_ads,all,,aggregate,0.39,usd,2025,report-2026,p25,workbook-2026,all_by_country!A28:I28,,"Per-row app count is not published; report-wide sample is 8,000+ apps and 1,000,000+ ad groups.",
cr,country,all,all,GB,apple_ads,all,,aggregate,64.69,percent,2025,report-2026,p27,workbook-2026,all_by_country!A29:I29,,"Per-row app count is not published; report-wide sample is 8,000+ apps and 1,000,000+ ad groups.",
ttr,country,all,all,GB,apple_ads,all,,aggregate,9,percent,2025,report-2026,p26,workbook-2026,all_by_country!A29:I29,,"Per-row app count is not published; report-wide sample is 8,000+ apps and 1,000,000+ ad groups.",
cpt,country,all,all,GB,apple_ads,all,,aggregate,1.308,usd,2025,report-2026,p28,workbook-2026,all_by_country!A29:I29,,"Per-row app count is not published; report-wide sample is 8,000+ apps and 1,000,000+ ad groups.",
cpa,country,all,all,GB,apple_ads,all,,aggregate,2.02,usd,2025,report-2026,p25,workbook-2026,all_by_country!A29:I29,,"Per-row app count is not published; report-wide sample is 8,000+ apps and 1,000,000+ ad groups.",
cr,country,all,all,LB,apple_ads,all,,aggregate,64.61,percent,2025,report-2026,p27,workbook-2026,all_by_country!A30:I30,,"Per-row app count is not published; report-wide sample is 8,000+ apps and 1,000,000+ ad groups.",
ttr,country,all,all,LB,apple_ads,all,,aggregate,12.8,percent,2025,report-2026,p26,report-2026,p26,,"Per-row app count is not published; report-wide sample is 8,000+ apps and 1,000,000+ ad groups.",Printed PDF value overrides the workbook-derived rounded value.
cpt,country,all,all,LB,apple_ads,all,,aggregate,0.188,usd,2025,report-2026,p28,workbook-2026,all_by_country!A30:I30,,"Per-row app count is not published; report-wide sample is 8,000+ apps and 1,000,000+ ad groups.",
cpa,country,all,all,LB,apple_ads,all,,aggregate,0.29,usd,2025,report-2026,p25,workbook-2026,all_by_country!A30:I30,,"Per-row app count is not published; report-wide sample is 8,000+ apps and 1,000,000+ ad groups.",
cr,country,all,all,VN,apple_ads,all,,aggregate,64.51,percent,2025,report-2026,p27,workbook-2026,all_by_country!A31:I31,,"Per-row app count is not published; report-wide sample is 8,000+ apps and 1,000,000+ ad groups.",
ttr,country,all,all,VN,apple_ads,all,,aggregate,9.7,percent,2025,report-2026,p26,workbook-2026,all_by_country!A31:I31,,"Per-row app count is not published; report-wide sample is 8,000+ apps and 1,000,000+ ad groups.",
cpt,country,all,all,VN,apple_ads,all,,aggregate,0.16,usd,2025,report-2026,p28,workbook-2026,all_by_country!A31:I31,,"Per-row app count is not published; report-wide sample is 8,000+ apps and 1,000,000+ ad groups.",
cpa,country,all,all,VN,apple_ads,all,,aggregate,0.25,usd,2025,report-2026,p25,workbook-2026,all_by_country!A31:I31,,"Per-row app count is not published; report-wide sample is 8,000+ apps and 1,000,000+ ad groups.",
cr,country,all,all,PH,apple_ads,all,,aggregate,64.49,percent,2025,report-2026,p27,workbook-2026,all_by_country!A32:I32,,"Per-row app count is not published; report-wide sample is 8,000+ apps and 1,000,000+ ad groups.",
ttr,country,all,all,PH,apple_ads,all,,aggregate,11.5,percent,2025,report-2026,p26,report-2026,p26,,"Per-row app count is not published; report-wide sample is 8,000+ apps and 1,000,000+ ad groups.",Printed PDF value overrides the workbook-derived rounded value.
cpt,country,all,all,PH,apple_ads,all,,aggregate,0.228,usd,2025,report-2026,p28,workbook-2026,all_by_country!A32:I32,,"Per-row app count is not published; report-wide sample is 8,000+ apps and 1,000,000+ ad groups.",
cpa,country,all,all,PH,apple_ads,all,,aggregate,0.35,usd,2025,report-2026,p25,workbook-2026,all_by_country!A32:I32,,"Per-row app count is not published; report-wide sample is 8,000+ apps and 1,000,000+ ad groups.",
cr,country,all,all,BH,apple_ads,all,,aggregate,64.42,percent,2025,report-2026,p27,workbook-2026,all_by_country!A33:I33,,"Per-row app count is not published; report-wide sample is 8,000+ apps and 1,000,000+ ad groups.",
ttr,country,all,all,BH,apple_ads,all,,aggregate,11.4,percent,2025,report-2026,p26,workbook-2026,all_by_country!A33:I33,,"Per-row app count is not published; report-wide sample is 8,000+ apps and 1,000,000+ ad groups.",
cpt,country,all,all,BH,apple_ads,all,,aggregate,0.226,usd,2025,report-2026,p28,workbook-2026,all_by_country!A33:I33,,"Per-row app count is not published; report-wide sample is 8,000+ apps and 1,000,000+ ad groups.",
cpa,country,all,all,BH,apple_ads,all,,aggregate,0.35,usd,2025,report-2026,p25,workbook-2026,all_by_country!A33:I33,,"Per-row app count is not published; report-wide sample is 8,000+ apps and 1,000,000+ ad groups.",
cr,country,all,all,CL,apple_ads,all,,aggregate,64.39,percent,2025,report-2026,p27,workbook-2026,all_by_country!A34:I34,,"Per-row app count is not published; report-wide sample is 8,000+ apps and 1,000,000+ ad groups.",
ttr,country,all,all,CL,apple_ads,all,,aggregate,11.2,percent,2025,report-2026,p26,workbook-2026,all_by_country!A34:I34,,"Per-row app count is not published; report-wide sample is 8,000+ apps and 1,000,000+ ad groups.",
cpt,country,all,all,CL,apple_ads,all,,aggregate,0.366,usd,2025,report-2026,p28,workbook-2026,all_by_country!A34:I34,,"Per-row app count is not published; report-wide sample is 8,000+ apps and 1,000,000+ ad groups.",
cpa,country,all,all,CL,apple_ads,all,,aggregate,0.57,usd,2025,report-2026,p25,workbook-2026,all_by_country!A34:I34,,"Per-row app count is not published; report-wide sample is 8,000+ apps and 1,000,000+ ad groups.",
cr,country,all,all,LV,apple_ads,all,,aggregate,64.17,percent,2025,report-2026,p27,workbook-2026,all_by_country!A35:I35,,"Per-row app count is not published; report-wide sample is 8,000+ apps and 1,000,000+ ad groups.",
ttr,country,all,all,LV,apple_ads,all,,aggregate,8.2,percent,2025,report-2026,p26,workbook-2026,all_by_country!A35:I35,,"Per-row app count is not published; report-wide sample is 8,000+ apps and 1,000,000+ ad groups.",
cpt,country,all,all,LV,apple_ads,all,,aggregate,0.286,usd,2025,report-2026,p28,workbook-2026,all_by_country!A35:I35,,"Per-row app count is not published; report-wide sample is 8,000+ apps and 1,000,000+ ad groups.",
cpa,country,all,all,LV,apple_ads,all,,aggregate,0.45,usd,2025,report-2026,p25,workbook-2026,all_by_country!A35:I35,,"Per-row app count is not published; report-wide sample is 8,000+ apps and 1,000,000+ ad groups.",
cr,country,all,all,MN,apple_ads,all,,aggregate,63.93,percent,2025,report-2026,p27,workbook-2026,all_by_country!A36:I36,,"Per-row app count is not published; report-wide sample is 8,000+ apps and 1,000,000+ ad groups.",
ttr,country,all,all,MN,apple_ads,all,,aggregate,10,percent,2025,report-2026,p26,workbook-2026,all_by_country!A36:I36,,"Per-row app count is not published; report-wide sample is 8,000+ apps and 1,000,000+ ad groups.",
cpt,country,all,all,MN,apple_ads,all,,aggregate,0.123,usd,2025,report-2026,p28,workbook-2026,all_by_country!A36:I36,,"Per-row app count is not published; report-wide sample is 8,000+ apps and 1,000,000+ ad groups.",
cpa,country,all,all,MN,apple_ads,all,,aggregate,0.19,usd,2025,report-2026,p25,workbook-2026,all_by_country!A36:I36,,"Per-row app count is not published; report-wide sample is 8,000+ apps and 1,000,000+ ad groups.",
cr,country,all,all,DE,apple_ads,all,,aggregate,63.93,percent,2025,report-2026,p27,workbook-2026,all_by_country!A37:I37,,"Per-row app count is not published; report-wide sample is 8,000+ apps and 1,000,000+ ad groups.",
ttr,country,all,all,DE,apple_ads,all,,aggregate,11.5,percent,2025,report-2026,p26,workbook-2026,all_by_country!A37:I37,,"Per-row app count is not published; report-wide sample is 8,000+ apps and 1,000,000+ ad groups.",
cpt,country,all,all,DE,apple_ads,all,,aggregate,0.858,usd,2025,report-2026,p28,workbook-2026,all_by_country!A37:I37,,"Per-row app count is not published; report-wide sample is 8,000+ apps and 1,000,000+ ad groups.",
cpa,country,all,all,DE,apple_ads,all,,aggregate,1.34,usd,2025,report-2026,p25,workbook-2026,all_by_country!A37:I37,,"Per-row app count is not published; report-wide sample is 8,000+ apps and 1,000,000+ ad groups.",
cr,country,all,all,IL,apple_ads,all,,aggregate,63.53,percent,2025,report-2026,p27,workbook-2026,all_by_country!A38:I38,,"Per-row app count is not published; report-wide sample is 8,000+ apps and 1,000,000+ ad groups.",
ttr,country,all,all,IL,apple_ads,all,,aggregate,7.4,percent,2025,report-2026,p26,workbook-2026,all_by_country!A38:I38,,"Per-row app count is not published; report-wide sample is 8,000+ apps and 1,000,000+ ad groups.",
cpt,country,all,all,IL,apple_ads,all,,aggregate,1.005,usd,2025,report-2026,p28,workbook-2026,all_by_country!A38:I38,,"Per-row app count is not published; report-wide sample is 8,000+ apps and 1,000,000+ ad groups.",
cpa,country,all,all,IL,apple_ads,all,,aggregate,1.58,usd,2025,report-2026,p25,workbook-2026,all_by_country!A38:I38,,"Per-row app count is not published; report-wide sample is 8,000+ apps and 1,000,000+ ad groups.",
cr,country,all,all,QA,apple_ads,all,,aggregate,63.27,percent,2025,report-2026,p27,workbook-2026,all_by_country!A39:I39,,"Per-row app count is not published; report-wide sample is 8,000+ apps and 1,000,000+ ad groups.",
ttr,country,all,all,QA,apple_ads,all,,aggregate,10.4,percent,2025,report-2026,p26,workbook-2026,all_by_country!A39:I39,,"Per-row app count is not published; report-wide sample is 8,000+ apps and 1,000,000+ ad groups.",
cpt,country,all,all,QA,apple_ads,all,,aggregate,0.374,usd,2025,report-2026,p28,workbook-2026,all_by_country!A39:I39,,"Per-row app count is not published; report-wide sample is 8,000+ apps and 1,000,000+ ad groups.",
cpa,country,all,all,QA,apple_ads,all,,aggregate,0.59,usd,2025,report-2026,p25,workbook-2026,all_by_country!A39:I39,,"Per-row app count is not published; report-wide sample is 8,000+ apps and 1,000,000+ ad groups.",
cr,country,all,all,DK,apple_ads,all,,aggregate,63.06,percent,2025,report-2026,p27,workbook-2026,all_by_country!A40:I40,,"Per-row app count is not published; report-wide sample is 8,000+ apps and 1,000,000+ ad groups.",
ttr,country,all,all,DK,apple_ads,all,,aggregate,9,percent,2025,report-2026,p26,workbook-2026,all_by_country!A40:I40,,"Per-row app count is not published; report-wide sample is 8,000+ apps and 1,000,000+ ad groups.",
cpt,country,all,all,DK,apple_ads,all,,aggregate,0.657,usd,2025,report-2026,p28,workbook-2026,all_by_country!A40:I40,,"Per-row app count is not published; report-wide sample is 8,000+ apps and 1,000,000+ ad groups.",
cpa,country,all,all,DK,apple_ads,all,,aggregate,1.04,usd,2025,report-2026,p25,workbook-2026,all_by_country!A40:I40,,"Per-row app count is not published; report-wide sample is 8,000+ apps and 1,000,000+ ad groups.",
cr,country,all,all,PA,apple_ads,all,,aggregate,63,percent,2025,report-2026,p27,workbook-2026,all_by_country!A41:I41,,"Per-row app count is not published; report-wide sample is 8,000+ apps and 1,000,000+ ad groups.",
ttr,country,all,all,PA,apple_ads,all,,aggregate,10.1,percent,2025,report-2026,p26,workbook-2026,all_by_country!A41:I41,,"Per-row app count is not published; report-wide sample is 8,000+ apps and 1,000,000+ ad groups.",
cpt,country,all,all,PA,apple_ads,all,,aggregate,0.256,usd,2025,report-2026,p28,workbook-2026,all_by_country!A41:I41,,"Per-row app count is not published; report-wide sample is 8,000+ apps and 1,000,000+ ad groups.",
cpa,country,all,all,PA,apple_ads,all,,aggregate,0.41,usd,2025,report-2026,p25,workbook-2026,all_by_country!A41:I41,,"Per-row app count is not published; report-wide sample is 8,000+ apps and 1,000,000+ ad groups.",
cr,country,all,all,BE,apple_ads,all,,aggregate,63,percent,2025,report-2026,p27,workbook-2026,all_by_country!A42:I42,,"Per-row app count is not published; report-wide sample is 8,000+ apps and 1,000,000+ ad groups.",
ttr,country,all,all,BE,apple_ads,all,,aggregate,8.2,percent,2025,report-2026,p26,workbook-2026,all_by_country!A42:I42,,"Per-row app count is not published; report-wide sample is 8,000+ apps and 1,000,000+ ad groups.",
cpt,country,all,all,BE,apple_ads,all,,aggregate,0.53,usd,2025,report-2026,p28,workbook-2026,all_by_country!A42:I42,,"Per-row app count is not published; report-wide sample is 8,000+ apps and 1,000,000+ ad groups.",
cpa,country,all,all,BE,apple_ads,all,,aggregate,0.84,usd,2025,report-2026,p25,workbook-2026,all_by_country!A42:I42,,"Per-row app count is not published; report-wide sample is 8,000+ apps and 1,000,000+ ad groups.",
cr,country,all,all,CZ,apple_ads,all,,aggregate,62.87,percent,2025,report-2026,p27,workbook-2026,all_by_country!A43:I43,,"Per-row app count is not published; report-wide sample is 8,000+ apps and 1,000,000+ ad groups.",
ttr,country,all,all,CZ,apple_ads,all,,aggregate,9.4,percent,2025,report-2026,p26,workbook-2026,all_by_country!A43:I43,,"Per-row app count is not published; report-wide sample is 8,000+ apps and 1,000,000+ ad groups.",
cpt,country,all,all,CZ,apple_ads,all,,aggregate,0.394,usd,2025,report-2026,p28,workbook-2026,all_by_country!A43:I43,,"Per-row app count is not published; report-wide sample is 8,000+ apps and 1,000,000+ ad groups.",
cpa,country,all,all,CZ,apple_ads,all,,aggregate,0.63,usd,2025,report-2026,p25,workbook-2026,all_by_country!A43:I43,,"Per-row app count is not published; report-wide sample is 8,000+ apps and 1,000,000+ ad groups.",
cr,country,all,all,US,apple_ads,all,,aggregate,62.71,percent,2025,report-2026,p27,workbook-2026,all_by_country!A44:I44,,"Per-row app count is not published; report-wide sample is 8,000+ apps and 1,000,000+ ad groups.",
ttr,country,all,all,US,apple_ads,all,,aggregate,9,percent,2025,report-2026,p26,workbook-2026,all_by_country!A44:I44,,"Per-row app count is not published; report-wide sample is 8,000+ apps and 1,000,000+ ad groups.",
cpt,country,all,all,US,apple_ads,all,,aggregate,1.576,usd,2025,report-2026,p28,workbook-2026,all_by_country!A44:I44,,"Per-row app count is not published; report-wide sample is 8,000+ apps and 1,000,000+ ad groups.",
cpa,country,all,all,US,apple_ads,all,,aggregate,2.51,usd,2025,report-2026,p25,workbook-2026,all_by_country!A44:I44,,"Per-row app count is not published; report-wide sample is 8,000+ apps and 1,000,000+ ad groups.",
cr,country,all,all,HU,apple_ads,all,,aggregate,62.7,percent,2025,report-2026,p27,workbook-2026,all_by_country!A45:I45,,"Per-row app count is not published; report-wide sample is 8,000+ apps and 1,000,000+ ad groups.",
ttr,country,all,all,HU,apple_ads,all,,aggregate,9.7,percent,2025,report-2026,p26,workbook-2026,all_by_country!A45:I45,,"Per-row app count is not published; report-wide sample is 8,000+ apps and 1,000,000+ ad groups.",
cpt,country,all,all,HU,apple_ads,all,,aggregate,0.453,usd,2025,report-2026,p28,workbook-2026,all_by_country!A45:I45,,"Per-row app count is not published; report-wide sample is 8,000+ apps and 1,000,000+ ad groups.",
cpa,country,all,all,HU,apple_ads,all,,aggregate,0.72,usd,2025,report-2026,p25,workbook-2026,all_by_country!A45:I45,,"Per-row app count is not published; report-wide sample is 8,000+ apps and 1,000,000+ ad groups.",
cr,country,all,all,GT,apple_ads,all,,aggregate,62.64,percent,2025,report-2026,p27,workbook-2026,all_by_country!A46:I46,,"Per-row app count is not published; report-wide sample is 8,000+ apps and 1,000,000+ ad groups.",
ttr,country,all,all,GT,apple_ads,all,,aggregate,13.5,percent,2025,report-2026,p26,report-2026,p26,,"Per-row app count is not published; report-wide sample is 8,000+ apps and 1,000,000+ ad groups.",Printed PDF value overrides the workbook-derived rounded value.
cpt,country,all,all,GT,apple_ads,all,,aggregate,0.237,usd,2025,report-2026,p28,workbook-2026,all_by_country!A46:I46,,"Per-row app count is not published; report-wide sample is 8,000+ apps and 1,000,000+ ad groups.",
cpa,country,all,all,GT,apple_ads,all,,aggregate,0.38,usd,2025,report-2026,p25,workbook-2026,all_by_country!A46:I46,,"Per-row app count is not published; report-wide sample is 8,000+ apps and 1,000,000+ ad groups.",
cr,country,all,all,AU,apple_ads,all,,aggregate,61.82,percent,2025,report-2026,p27,workbook-2026,all_by_country!A47:I47,,"Per-row app count is not published; report-wide sample is 8,000+ apps and 1,000,000+ ad groups.",
ttr,country,all,all,AU,apple_ads,all,,aggregate,8.7,percent,2025,report-2026,p26,workbook-2026,all_by_country!A47:I47,,"Per-row app count is not published; report-wide sample is 8,000+ apps and 1,000,000+ ad groups.",
cpt,country,all,all,AU,apple_ads,all,,aggregate,1.17,usd,2025,report-2026,p28,workbook-2026,all_by_country!A47:I47,,"Per-row app count is not published; report-wide sample is 8,000+ apps and 1,000,000+ ad groups.",
cpa,country,all,all,AU,apple_ads,all,,aggregate,1.89,usd,2025,report-2026,p25,workbook-2026,all_by_country!A47:I47,,"Per-row app count is not published; report-wide sample is 8,000+ apps and 1,000,000+ ad groups.",
cr,country,all,all,IQ,apple_ads,all,,aggregate,61.65,percent,2025,report-2026,p27,workbook-2026,all_by_country!A48:I48,,"Per-row app count is not published; report-wide sample is 8,000+ apps and 1,000,000+ ad groups.",
ttr,country,all,all,IQ,apple_ads,all,,aggregate,7.1,percent,2025,report-2026,p26,workbook-2026,all_by_country!A48:I48,,"Per-row app count is not published; report-wide sample is 8,000+ apps and 1,000,000+ ad groups.",
cpt,country,all,all,IQ,apple_ads,all,,aggregate,0.133,usd,2025,report-2026,p28,workbook-2026,all_by_country!A48:I48,,"Per-row app count is not published; report-wide sample is 8,000+ apps and 1,000,000+ ad groups.",
cpa,country,all,all,IQ,apple_ads,all,,aggregate,0.22,usd,2025,report-2026,p25,workbook-2026,all_by_country!A48:I48,,"Per-row app count is not published; report-wide sample is 8,000+ apps and 1,000,000+ ad groups.",
cr,country,all,all,SK,apple_ads,all,,aggregate,61.31,percent,2025,report-2026,p27,workbook-2026,all_by_country!A49:I49,,"Per-row app count is not published; report-wide sample is 8,000+ apps and 1,000,000+ ad groups.",
ttr,country,all,all,SK,apple_ads,all,,aggregate,9.2,percent,2025,report-2026,p26,workbook-2026,all_by_country!A49:I49,,"Per-row app count is not published; report-wide sample is 8,000+ apps and 1,000,000+ ad groups.",
cpt,country,all,all,SK,apple_ads,all,,aggregate,0.314,usd,2025,report-2026,p28,workbook-2026,all_by_country!A49:I49,,"Per-row app count is not published; report-wide sample is 8,000+ apps and 1,000,000+ ad groups.",
cpa,country,all,all,SK,apple_ads,all,,aggregate,0.51,usd,2025,report-2026,p25,workbook-2026,all_by_country!A49:I49,,"Per-row app count is not published; report-wide sample is 8,000+ apps and 1,000,000+ ad groups.",
cr,country,all,all,EG,apple_ads,all,,aggregate,61.14,percent,2025,report-2026,p27,workbook-2026,all_by_country!A50:I50,,"Per-row app count is not published; report-wide sample is 8,000+ apps and 1,000,000+ ad groups.",
ttr,country,all,all,EG,apple_ads,all,,aggregate,9.6,percent,2025,report-2026,p26,workbook-2026,all_by_country!A50:I50,,"Per-row app count is not published; report-wide sample is 8,000+ apps and 1,000,000+ ad groups.",
cpt,country,all,all,EG,apple_ads,all,,aggregate,0.191,usd,2025,report-2026,p28,workbook-2026,all_by_country!A50:I50,,"Per-row app count is not published; report-wide sample is 8,000+ apps and 1,000,000+ ad groups.",
cpa,country,all,all,EG,apple_ads,all,,aggregate,0.31,usd,2025,report-2026,p25,workbook-2026,all_by_country!A50:I50,,"Per-row app count is not published; report-wide sample is 8,000+ apps and 1,000,000+ ad groups.",
cr,country,all,all,NZ,apple_ads,all,,aggregate,61.1,percent,2025,report-2026,p27,workbook-2026,all_by_country!A51:I51,,"Per-row app count is not published; report-wide sample is 8,000+ apps and 1,000,000+ ad groups.",
ttr,country,all,all,NZ,apple_ads,all,,aggregate,7.5,percent,2025,report-2026,p26,workbook-2026,all_by_country!A51:I51,,"Per-row app count is not published; report-wide sample is 8,000+ apps and 1,000,000+ ad groups.",
cpt,country,all,all,NZ,apple_ads,all,,aggregate,0.612,usd,2025,report-2026,p28,workbook-2026,all_by_country!A51:I51,,"Per-row app count is not published; report-wide sample is 8,000+ apps and 1,000,000+ ad groups.",
cpa,country,all,all,NZ,apple_ads,all,,aggregate,1,usd,2025,report-2026,p25,workbook-2026,all_by_country!A51:I51,,"Per-row app count is not published; report-wide sample is 8,000+ apps and 1,000,000+ ad groups.",
cr,country,all,all,CY,apple_ads,all,,aggregate,60.66,percent,2025,report-2026,p27,workbook-2026,all_by_country!A52:I52,,"Per-row app count is not published; report-wide sample is 8,000+ apps and 1,000,000+ ad groups.",
ttr,country,all,all,CY,apple_ads,all,,aggregate,7.8,percent,2025,report-2026,p26,workbook-2026,all_by_country!A52:I52,,"Per-row app count is not published; report-wide sample is 8,000+ apps and 1,000,000+ ad groups.",
cpt,country,all,all,CY,apple_ads,all,,aggregate,0.242,usd,2025,report-2026,p28,workbook-2026,all_by_country!A52:I52,,"Per-row app count is not published; report-wide sample is 8,000+ apps and 1,000,000+ ad groups.",
cpa,country,all,all,CY,apple_ads,all,,aggregate,0.4,usd,2025,report-2026,p25,workbook-2026,all_by_country!A52:I52,,"Per-row app count is not published; report-wide sample is 8,000+ apps and 1,000,000+ ad groups.",
cr,country,all,all,GH,apple_ads,all,,aggregate,60.61,percent,2025,report-2026,p27,workbook-2026,all_by_country!A53:I53,,"Per-row app count is not published; report-wide sample is 8,000+ apps and 1,000,000+ ad groups.",
ttr,country,all,all,GH,apple_ads,all,,aggregate,11.3,percent,2025,report-2026,p26,workbook-2026,all_by_country!A53:I53,,"Per-row app count is not published; report-wide sample is 8,000+ apps and 1,000,000+ ad groups.",
cpt,country,all,all,GH,apple_ads,all,,aggregate,0.129,usd,2025,report-2026,p28,workbook-2026,all_by_country!A53:I53,,"Per-row app count is not published; report-wide sample is 8,000+ apps and 1,000,000+ ad groups.",
cpa,country,all,all,GH,apple_ads,all,,aggregate,0.21,usd,2025,report-2026,p25,workbook-2026,all_by_country!A53:I53,,"Per-row app count is not published; report-wide sample is 8,000+ apps and 1,000,000+ ad groups.",
cr,country,all,all,MX,apple_ads,all,,aggregate,60.58,percent,2025,report-2026,p27,workbook-2026,all_by_country!A54:I54,,"Per-row app count is not published; report-wide sample is 8,000+ apps and 1,000,000+ ad groups.",
ttr,country,all,all,MX,apple_ads,all,,aggregate,8.8,percent,2025,report-2026,p26,workbook-2026,all_by_country!A54:I54,,"Per-row app count is not published; report-wide sample is 8,000+ apps and 1,000,000+ ad groups.",
cpt,country,all,all,MX,apple_ads,all,,aggregate,0.446,usd,2025,report-2026,p28,workbook-2026,all_by_country!A54:I54,,"Per-row app count is not published; report-wide sample is 8,000+ apps and 1,000,000+ ad groups.",
cpa,country,all,all,MX,apple_ads,all,,aggregate,0.74,usd,2025,report-2026,p25,workbook-2026,all_by_country!A54:I54,,"Per-row app count is not published; report-wide sample is 8,000+ apps and 1,000,000+ ad groups.",
cr,country,all,all,BG,apple_ads,all,,aggregate,60.56,percent,2025,report-2026,p27,workbook-2026,all_by_country!A55:I55,,"Per-row app count is not published; report-wide sample is 8,000+ apps and 1,000,000+ ad groups.",
ttr,country,all,all,BG,apple_ads,all,,aggregate,9,percent,2025,report-2026,p26,workbook-2026,all_by_country!A55:I55,,"Per-row app count is not published; report-wide sample is 8,000+ apps and 1,000,000+ ad groups.",
cpt,country,all,all,BG,apple_ads,all,,aggregate,0.275,usd,2025,report-2026,p28,workbook-2026,all_by_country!A55:I55,,"Per-row app count is not published; report-wide sample is 8,000+ apps and 1,000,000+ ad groups.",
cpa,country,all,all,BG,apple_ads,all,,aggregate,0.45,usd,2025,report-2026,p25,workbook-2026,all_by_country!A55:I55,,"Per-row app count is not published; report-wide sample is 8,000+ apps and 1,000,000+ ad groups.",
cr,country,all,all,CA,apple_ads,all,,aggregate,60.54,percent,2025,report-2026,p27,workbook-2026,all_by_country!A56:I56,,"Per-row app count is not published; report-wide sample is 8,000+ apps and 1,000,000+ ad groups.",
ttr,country,all,all,CA,apple_ads,all,,aggregate,8.6,percent,2025,report-2026,p26,workbook-2026,all_by_country!A56:I56,,"Per-row app count is not published; report-wide sample is 8,000+ apps and 1,000,000+ ad groups.",
cpt,country,all,all,CA,apple_ads,all,,aggregate,0.957,usd,2025,report-2026,p28,workbook-2026,all_by_country!A56:I56,,"Per-row app count is not published; report-wide sample is 8,000+ apps and 1,000,000+ ad groups.",
cpa,country,all,all,CA,apple_ads,all,,aggregate,1.58,usd,2025,report-2026,p25,workbook-2026,all_by_country!A56:I56,,"Per-row app count is not published; report-wide sample is 8,000+ apps and 1,000,000+ ad groups.",
cr,country,all,all,NL,apple_ads,all,,aggregate,60.49,percent,2025,report-2026,p27,workbook-2026,all_by_country!A57:I57,,"Per-row app count is not published; report-wide sample is 8,000+ apps and 1,000,000+ ad groups.",
ttr,country,all,all,NL,apple_ads,all,,aggregate,7.7,percent,2025,report-2026,p26,workbook-2026,all_by_country!A57:I57,,"Per-row app count is not published; report-wide sample is 8,000+ apps and 1,000,000+ ad groups.",
cpt,country,all,all,NL,apple_ads,all,,aggregate,0.649,usd,2025,report-2026,p28,workbook-2026,all_by_country!A57:I57,,"Per-row app count is not published; report-wide sample is 8,000+ apps and 1,000,000+ ad groups.",
cpa,country,all,all,NL,apple_ads,all,,aggregate,1.07,usd,2025,report-2026,p25,workbook-2026,all_by_country!A57:I57,,"Per-row app count is not published; report-wide sample is 8,000+ apps and 1,000,000+ ad groups.",
cr,country,all,all,IN,apple_ads,all,,aggregate,59.84,percent,2025,report-2026,p27,workbook-2026,all_by_country!A58:I58,,"Per-row app count is not published; report-wide sample is 8,000+ apps and 1,000,000+ ad groups.",
ttr,country,all,all,IN,apple_ads,all,,aggregate,9.2,percent,2025,report-2026,p26,workbook-2026,all_by_country!A58:I58,,"Per-row app count is not published; report-wide sample is 8,000+ apps and 1,000,000+ ad groups.",
cpt,country,all,all,IN,apple_ads,all,,aggregate,0.178,usd,2025,report-2026,p28,workbook-2026,all_by_country!A58:I58,,"Per-row app count is not published; report-wide sample is 8,000+ apps and 1,000,000+ ad groups.",
cpa,country,all,all,IN,apple_ads,all,,aggregate,0.3,usd,2025,report-2026,p25,workbook-2026,all_by_country!A58:I58,,"Per-row app count is not published; report-wide sample is 8,000+ apps and 1,000,000+ ad groups.",
cr,country,all,all,DZ,apple_ads,all,,aggregate,58.89,percent,2025,report-2026,p27,workbook-2026,all_by_country!A59:I59,,"Per-row app count is not published; report-wide sample is 8,000+ apps and 1,000,000+ ad groups.",
ttr,country,all,all,DZ,apple_ads,all,,aggregate,11.1,percent,2025,report-2026,p26,workbook-2026,all_by_country!A59:I59,,"Per-row app count is not published; report-wide sample is 8,000+ apps and 1,000,000+ ad groups.",
cpt,country,all,all,DZ,apple_ads,all,,aggregate,0.109,usd,2025,report-2026,p28,workbook-2026,all_by_country!A59:I59,,"Per-row app count is not published; report-wide sample is 8,000+ apps and 1,000,000+ ad groups.",
cpa,country,all,all,DZ,apple_ads,all,,aggregate,0.18,usd,2025,report-2026,p25,workbook-2026,all_by_country!A59:I59,,"Per-row app count is not published; report-wide sample is 8,000+ apps and 1,000,000+ ad groups.",
cr,country,all,all,AT,apple_ads,all,,aggregate,58.52,percent,2025,report-2026,p27,workbook-2026,all_by_country!A60:I60,,"Per-row app count is not published; report-wide sample is 8,000+ apps and 1,000,000+ ad groups.",
ttr,country,all,all,AT,apple_ads,all,,aggregate,7.5,percent,2025,report-2026,p26,workbook-2026,all_by_country!A60:I60,,"Per-row app count is not published; report-wide sample is 8,000+ apps and 1,000,000+ ad groups.",
cpt,country,all,all,AT,apple_ads,all,,aggregate,0.621,usd,2025,report-2026,p28,workbook-2026,all_by_country!A60:I60,,"Per-row app count is not published; report-wide sample is 8,000+ apps and 1,000,000+ ad groups.",
cpa,country,all,all,AT,apple_ads,all,,aggregate,1.06,usd,2025,report-2026,p25,workbook-2026,all_by_country!A60:I60,,"Per-row app count is not published; report-wide sample is 8,000+ apps and 1,000,000+ ad groups.",
cr,country,all,all,BO,apple_ads,all,,aggregate,58.3,percent,2025,report-2026,p27,workbook-2026,all_by_country!A61:I61,,"Per-row app count is not published; report-wide sample is 8,000+ apps and 1,000,000+ ad groups.",
ttr,country,all,all,BO,apple_ads,all,,aggregate,7.4,percent,2025,report-2026,p26,workbook-2026,all_by_country!A61:I61,,"Per-row app count is not published; report-wide sample is 8,000+ apps and 1,000,000+ ad groups.",
cpt,country,all,all,BO,apple_ads,all,,aggregate,0.215,usd,2025,report-2026,p28,workbook-2026,all_by_country!A61:I61,,"Per-row app count is not published; report-wide sample is 8,000+ apps and 1,000,000+ ad groups.",
cpa,country,all,all,BO,apple_ads,all,,aggregate,0.37,usd,2025,report-2026,p25,workbook-2026,all_by_country!A61:I61,,"Per-row app count is not published; report-wide sample is 8,000+ apps and 1,000,000+ ad groups.",
cr,country,all,all,IE,apple_ads,all,,aggregate,58.27,percent,2025,report-2026,p27,workbook-2026,all_by_country!A62:I62,,"Per-row app count is not published; report-wide sample is 8,000+ apps and 1,000,000+ ad groups.",
ttr,country,all,all,IE,apple_ads,all,,aggregate,3.9,percent,2025,report-2026,p26,workbook-2026,all_by_country!A62:I62,,"Per-row app count is not published; report-wide sample is 8,000+ apps and 1,000,000+ ad groups.",
cpt,country,all,all,IE,apple_ads,all,,aggregate,0.595,usd,2025,report-2026,p28,workbook-2026,all_by_country!A62:I62,,"Per-row app count is not published; report-wide sample is 8,000+ apps and 1,000,000+ ad groups.",
cpa,country,all,all,IE,apple_ads,all,,aggregate,1.02,usd,2025,report-2026,p25,workbook-2026,all_by_country!A62:I62,,"Per-row app count is not published; report-wide sample is 8,000+ apps and 1,000,000+ ad groups.",
cr,country,all,all,CR,apple_ads,all,,aggregate,58.07,percent,2025,report-2026,p27,workbook-2026,all_by_country!A63:I63,,"Per-row app count is not published; report-wide sample is 8,000+ apps and 1,000,000+ ad groups.",
ttr,country,all,all,CR,apple_ads,all,,aggregate,7.8,percent,2025,report-2026,p26,workbook-2026,all_by_country!A63:I63,,"Per-row app count is not published; report-wide sample is 8,000+ apps and 1,000,000+ ad groups.",
cpt,country,all,all,CR,apple_ads,all,,aggregate,0.317,usd,2025,report-2026,p28,workbook-2026,all_by_country!A63:I63,,"Per-row app count is not published; report-wide sample is 8,000+ apps and 1,000,000+ ad groups.",
cpa,country,all,all,CR,apple_ads,all,,aggregate,0.55,usd,2025,report-2026,p25,workbook-2026,all_by_country!A63:I63,,"Per-row app count is not published; report-wide sample is 8,000+ apps and 1,000,000+ ad groups.",
cr,country,all,all,TH,apple_ads,all,,aggregate,57.89,percent,2025,report-2026,p27,workbook-2026,all_by_country!A64:I64,,"Per-row app count is not published; report-wide sample is 8,000+ apps and 1,000,000+ ad groups.",
ttr,country,all,all,TH,apple_ads,all,,aggregate,8.9,percent,2025,report-2026,p26,workbook-2026,all_by_country!A64:I64,,"Per-row app count is not published; report-wide sample is 8,000+ apps and 1,000,000+ ad groups.",
cpt,country,all,all,TH,apple_ads,all,,aggregate,0.283,usd,2025,report-2026,p28,workbook-2026,all_by_country!A64:I64,,"Per-row app count is not published; report-wide sample is 8,000+ apps and 1,000,000+ ad groups.",
cpa,country,all,all,TH,apple_ads,all,,aggregate,0.49,usd,2025,report-2026,p25,workbook-2026,all_by_country!A64:I64,,"Per-row app count is not published; report-wide sample is 8,000+ apps and 1,000,000+ ad groups.",
cr,country,all,all,SI,apple_ads,all,,aggregate,57.88,percent,2025,report-2026,p27,workbook-2026,all_by_country!A65:I65,,"Per-row app count is not published; report-wide sample is 8,000+ apps and 1,000,000+ ad groups.",
ttr,country,all,all,SI,apple_ads,all,,aggregate,8.4,percent,2025,report-2026,p26,workbook-2026,all_by_country!A65:I65,,"Per-row app count is not published; report-wide sample is 8,000+ apps and 1,000,000+ ad groups.",
cpt,country,all,all,SI,apple_ads,all,,aggregate,0.296,usd,2025,report-2026,p28,workbook-2026,all_by_country!A65:I65,,"Per-row app count is not published; report-wide sample is 8,000+ apps and 1,000,000+ ad groups.",
cpa,country,all,all,SI,apple_ads,all,,aggregate,0.51,usd,2025,report-2026,p25,workbook-2026,all_by_country!A65:I65,,"Per-row app count is not published; report-wide sample is 8,000+ apps and 1,000,000+ ad groups.",
cr,country,all,all,FI,apple_ads,all,,aggregate,57.84,percent,2025,report-2026,p27,workbook-2026,all_by_country!A66:I66,,"Per-row app count is not published; report-wide sample is 8,000+ apps and 1,000,000+ ad groups.",
ttr,country,all,all,FI,apple_ads,all,,aggregate,6.8,percent,2025,report-2026,p26,workbook-2026,all_by_country!A66:I66,,"Per-row app count is not published; report-wide sample is 8,000+ apps and 1,000,000+ ad groups.",
cpt,country,all,all,FI,apple_ads,all,,aggregate,0.514,usd,2025,report-2026,p28,workbook-2026,all_by_country!A66:I66,,"Per-row app count is not published; report-wide sample is 8,000+ apps and 1,000,000+ ad groups.",
cpa,country,all,all,FI,apple_ads,all,,aggregate,0.89,usd,2025,report-2026,p25,workbook-2026,all_by_country!A66:I66,,"Per-row app count is not published; report-wide sample is 8,000+ apps and 1,000,000+ ad groups.",
cr,country,all,all,AM,apple_ads,all,,aggregate,57.81,percent,2025,report-2026,p27,workbook-2026,all_by_country!A67:I67,,"Per-row app count is not published; report-wide sample is 8,000+ apps and 1,000,000+ ad groups.",
ttr,country,all,all,AM,apple_ads,all,,aggregate,12.4,percent,2025,report-2026,p26,report-2026,p26,,"Per-row app count is not published; report-wide sample is 8,000+ apps and 1,000,000+ ad groups.",Printed PDF value overrides the workbook-derived rounded value.
cpt,country,all,all,AM,apple_ads,all,,aggregate,0.149,usd,2025,report-2026,p28,workbook-2026,all_by_country!A67:I67,,"Per-row app count is not published; report-wide sample is 8,000+ apps and 1,000,000+ ad groups.",
cpa,country,all,all,AM,apple_ads,all,,aggregate,0.26,usd,2025,report-2026,p25,workbook-2026,all_by_country!A67:I67,,"Per-row app count is not published; report-wide sample is 8,000+ apps and 1,000,000+ ad groups.",
cr,country,all,all,SE,apple_ads,all,,aggregate,57.8,percent,2025,report-2026,p27,workbook-2026,all_by_country!A68:I68,,"Per-row app count is not published; report-wide sample is 8,000+ apps and 1,000,000+ ad groups.",
ttr,country,all,all,SE,apple_ads,all,,aggregate,6.9,percent,2025,report-2026,p26,workbook-2026,all_by_country!A68:I68,,"Per-row app count is not published; report-wide sample is 8,000+ apps and 1,000,000+ ad groups.",
cpt,country,all,all,SE,apple_ads,all,,aggregate,0.572,usd,2025,report-2026,p28,workbook-2026,all_by_country!A68:I68,,"Per-row app count is not published; report-wide sample is 8,000+ apps and 1,000,000+ ad groups.",
cpa,country,all,all,SE,apple_ads,all,,aggregate,0.99,usd,2025,report-2026,p25,workbook-2026,all_by_country!A68:I68,,"Per-row app count is not published; report-wide sample is 8,000+ apps and 1,000,000+ ad groups.",
cr,country,all,all,KZ,apple_ads,all,,aggregate,57.51,percent,2025,report-2026,p27,workbook-2026,all_by_country!A69:I69,,"Per-row app count is not published; report-wide sample is 8,000+ apps and 1,000,000+ ad groups.",
ttr,country,all,all,KZ,apple_ads,all,,aggregate,6.3,percent,2025,report-2026,p26,workbook-2026,all_by_country!A69:I69,,"Per-row app count is not published; report-wide sample is 8,000+ apps and 1,000,000+ ad groups.",
cpt,country,all,all,KZ,apple_ads,all,,aggregate,0.185,usd,2025,report-2026,p28,workbook-2026,all_by_country!A69:I69,,"Per-row app count is not published; report-wide sample is 8,000+ apps and 1,000,000+ ad groups.",
cpa,country,all,all,KZ,apple_ads,all,,aggregate,0.32,usd,2025,report-2026,p25,workbook-2026,all_by_country!A69:I69,,"Per-row app count is not published; report-wide sample is 8,000+ apps and 1,000,000+ ad groups.",
cr,country,all,all,CH,apple_ads,all,,aggregate,56.99,percent,2025,report-2026,p27,workbook-2026,all_by_country!A70:I70,,"Per-row app count is not published; report-wide sample is 8,000+ apps and 1,000,000+ ad groups.",
ttr,country,all,all,CH,apple_ads,all,,aggregate,7.8,percent,2025,report-2026,p26,workbook-2026,all_by_country!A70:I70,,"Per-row app count is not published; report-wide sample is 8,000+ apps and 1,000,000+ ad groups.",
cpt,country,all,all,CH,apple_ads,all,,aggregate,0.945,usd,2025,report-2026,p28,workbook-2026,all_by_country!A70:I70,,"Per-row app count is not published; report-wide sample is 8,000+ apps and 1,000,000+ ad groups.",
cpa,country,all,all,CH,apple_ads,all,,aggregate,1.66,usd,2025,report-2026,p25,workbook-2026,all_by_country!A70:I70,,"Per-row app count is not published; report-wide sample is 8,000+ apps and 1,000,000+ ad groups.",
cr,country,all,all,EE,apple_ads,all,,aggregate,56.76,percent,2025,report-2026,p27,workbook-2026,all_by_country!A71:I71,,"Per-row app count is not published; report-wide sample is 8,000+ apps and 1,000,000+ ad groups.",
ttr,country,all,all,EE,apple_ads,all,,aggregate,7.6,percent,2025,report-2026,p26,workbook-2026,all_by_country!A71:I71,,"Per-row app count is not published; report-wide sample is 8,000+ apps and 1,000,000+ ad groups.",
cpt,country,all,all,EE,apple_ads,all,,aggregate,0.285,usd,2025,report-2026,p28,workbook-2026,all_by_country!A71:I71,,"Per-row app count is not published; report-wide sample is 8,000+ apps and 1,000,000+ ad groups.",
cpa,country,all,all,EE,apple_ads,all,,aggregate,0.5,usd,2025,report-2026,p25,workbook-2026,all_by_country!A71:I71,,"Per-row app count is not published; report-wide sample is 8,000+ apps and 1,000,000+ ad groups.",
cr,country,all,all,ID,apple_ads,all,,aggregate,56.61,percent,2025,report-2026,p27,workbook-2026,all_by_country!A72:I72,,"Per-row app count is not published; report-wide sample is 8,000+ apps and 1,000,000+ ad groups.",
ttr,country,all,all,ID,apple_ads,all,,aggregate,7.4,percent,2025,report-2026,p26,workbook-2026,all_by_country!A72:I72,,"Per-row app count is not published; report-wide sample is 8,000+ apps and 1,000,000+ ad groups.",
cpt,country,all,all,ID,apple_ads,all,,aggregate,0.199,usd,2025,report-2026,p28,workbook-2026,all_by_country!A72:I72,,"Per-row app count is not published; report-wide sample is 8,000+ apps and 1,000,000+ ad groups.",
cpa,country,all,all,ID,apple_ads,all,,aggregate,0.35,usd,2025,report-2026,p25,workbook-2026,all_by_country!A72:I72,,"Per-row app count is not published; report-wide sample is 8,000+ apps and 1,000,000+ ad groups.",
cr,country,all,all,NO,apple_ads,all,,aggregate,56.17,percent,2025,report-2026,p27,workbook-2026,all_by_country!A73:I73,,"Per-row app count is not published; report-wide sample is 8,000+ apps and 1,000,000+ ad groups.",
ttr,country,all,all,NO,apple_ads,all,,aggregate,7.3,percent,2025,report-2026,p26,workbook-2026,all_by_country!A73:I73,,"Per-row app count is not published; report-wide sample is 8,000+ apps and 1,000,000+ ad groups.",
cpt,country,all,all,NO,apple_ads,all,,aggregate,0.755,usd,2025,report-2026,p28,workbook-2026,all_by_country!A73:I73,,"Per-row app count is not published; report-wide sample is 8,000+ apps and 1,000,000+ ad groups.",
cpa,country,all,all,NO,apple_ads,all,,aggregate,1.34,usd,2025,report-2026,p25,workbook-2026,all_by_country!A73:I73,,"Per-row app count is not published; report-wide sample is 8,000+ apps and 1,000,000+ ad groups.",
cr,country,all,all,HN,apple_ads,all,,aggregate,56.11,percent,2025,report-2026,p27,workbook-2026,all_by_country!A74:I74,,"Per-row app count is not published; report-wide sample is 8,000+ apps and 1,000,000+ ad groups.",
ttr,country,all,all,HN,apple_ads,all,,aggregate,8.8,percent,2025,report-2026,p26,workbook-2026,all_by_country!A74:I74,,"Per-row app count is not published; report-wide sample is 8,000+ apps and 1,000,000+ ad groups.",
cpt,country,all,all,HN,apple_ads,all,,aggregate,0.218,usd,2025,report-2026,p28,workbook-2026,all_by_country!A74:I74,,"Per-row app count is not published; report-wide sample is 8,000+ apps and 1,000,000+ ad groups.",
cpa,country,all,all,HN,apple_ads,all,,aggregate,0.39,usd,2025,report-2026,p25,workbook-2026,all_by_country!A74:I74,,"Per-row app count is not published; report-wide sample is 8,000+ apps and 1,000,000+ ad groups.",
cr,country,all,all,TR,apple_ads,all,,aggregate,55.65,percent,2025,report-2026,p27,workbook-2026,all_by_country!A75:I75,,"Per-row app count is not published; report-wide sample is 8,000+ apps and 1,000,000+ ad groups.",
ttr,country,all,all,TR,apple_ads,all,,aggregate,10.3,percent,2025,report-2026,p26,workbook-2026,all_by_country!A75:I75,,"Per-row app count is not published; report-wide sample is 8,000+ apps and 1,000,000+ ad groups.",
cpt,country,all,all,TR,apple_ads,all,,aggregate,0.314,usd,2025,report-2026,p28,workbook-2026,all_by_country!A75:I75,,"Per-row app count is not published; report-wide sample is 8,000+ apps and 1,000,000+ ad groups.",
cpa,country,all,all,TR,apple_ads,all,,aggregate,0.56,usd,2025,report-2026,p25,workbook-2026,all_by_country!A75:I75,,"Per-row app count is not published; report-wide sample is 8,000+ apps and 1,000,000+ ad groups.",
cr,country,all,all,SV,apple_ads,all,,aggregate,55.56,percent,2025,report-2026,p27,workbook-2026,all_by_country!A76:I76,,"Per-row app count is not published; report-wide sample is 8,000+ apps and 1,000,000+ ad groups.",
ttr,country,all,all,SV,apple_ads,all,,aggregate,9,percent,2025,report-2026,p26,workbook-2026,all_by_country!A76:I76,,"Per-row app count is not published; report-wide sample is 8,000+ apps and 1,000,000+ ad groups.",
cpt,country,all,all,SV,apple_ads,all,,aggregate,0.237,usd,2025,report-2026,p28,workbook-2026,all_by_country!A76:I76,,"Per-row app count is not published; report-wide sample is 8,000+ apps and 1,000,000+ ad groups.",
cpa,country,all,all,SV,apple_ads,all,,aggregate,0.43,usd,2025,report-2026,p25,workbook-2026,all_by_country!A76:I76,,"Per-row app count is not published; report-wide sample is 8,000+ apps and 1,000,000+ ad groups.",
cr,country,all,all,KR,apple_ads,all,,aggregate,55.15,percent,2025,report-2026,p27,workbook-2026,all_by_country!A77:I77,,"Per-row app count is not published; report-wide sample is 8,000+ apps and 1,000,000+ ad groups.",
ttr,country,all,all,KR,apple_ads,all,,aggregate,6.3,percent,2025,report-2026,p26,workbook-2026,all_by_country!A77:I77,,"Per-row app count is not published; report-wide sample is 8,000+ apps and 1,000,000+ ad groups.",
cpt,country,all,all,KR,apple_ads,all,,aggregate,0.478,usd,2025,report-2026,p28,workbook-2026,all_by_country!A77:I77,,"Per-row app count is not published; report-wide sample is 8,000+ apps and 1,000,000+ ad groups.",
cpa,country,all,all,KR,apple_ads,all,,aggregate,0.87,usd,2025,report-2026,p25,workbook-2026,all_by_country!A77:I77,,"Per-row app count is not published; report-wide sample is 8,000+ apps and 1,000,000+ ad groups.",
cr,country,all,all,UZ,apple_ads,all,,aggregate,54.57,percent,2025,report-2026,p27,workbook-2026,all_by_country!A78:I78,,"Per-row app count is not published; report-wide sample is 8,000+ apps and 1,000,000+ ad groups.",
ttr,country,all,all,UZ,apple_ads,all,,aggregate,10.4,percent,2025,report-2026,p26,workbook-2026,all_by_country!A78:I78,,"Per-row app count is not published; report-wide sample is 8,000+ apps and 1,000,000+ ad groups.",
cpt,country,all,all,UZ,apple_ads,all,,aggregate,0.128,usd,2025,report-2026,p28,workbook-2026,all_by_country!A78:I78,,"Per-row app count is not published; report-wide sample is 8,000+ apps and 1,000,000+ ad groups.",
cpa,country,all,all,UZ,apple_ads,all,,aggregate,0.23,usd,2025,report-2026,p25,workbook-2026,all_by_country!A78:I78,,"Per-row app count is not published; report-wide sample is 8,000+ apps and 1,000,000+ ad groups.",
cr,country,all,all,LU,apple_ads,all,,aggregate,54.38,percent,2025,report-2026,p27,workbook-2026,all_by_country!A79:I79,,"Per-row app count is not published; report-wide sample is 8,000+ apps and 1,000,000+ ad groups.",
ttr,country,all,all,LU,apple_ads,all,,aggregate,6.9,percent,2025,report-2026,p26,workbook-2026,all_by_country!A79:I79,,"Per-row app count is not published; report-wide sample is 8,000+ apps and 1,000,000+ ad groups.",
cpt,country,all,all,LU,apple_ads,all,,aggregate,0.349,usd,2025,report-2026,p28,workbook-2026,all_by_country!A79:I79,,"Per-row app count is not published; report-wide sample is 8,000+ apps and 1,000,000+ ad groups.",
cpa,country,all,all,LU,apple_ads,all,,aggregate,0.64,usd,2025,report-2026,p25,workbook-2026,all_by_country!A79:I79,,"Per-row app count is not published; report-wide sample is 8,000+ apps and 1,000,000+ ad groups.",
cr,country,all,all,KH,apple_ads,all,,aggregate,52.39,percent,2025,report-2026,p27,workbook-2026,all_by_country!A80:I80,,"Per-row app count is not published; report-wide sample is 8,000+ apps and 1,000,000+ ad groups.",
ttr,country,all,all,KH,apple_ads,all,,aggregate,8.7,percent,2025,report-2026,p26,workbook-2026,all_by_country!A80:I80,,"Per-row app count is not published; report-wide sample is 8,000+ apps and 1,000,000+ ad groups.",
cpt,country,all,all,KH,apple_ads,all,,aggregate,0.178,usd,2025,report-2026,p28,workbook-2026,all_by_country!A80:I80,,"Per-row app count is not published; report-wide sample is 8,000+ apps and 1,000,000+ ad groups.",
cpa,country,all,all,KH,apple_ads,all,,aggregate,0.34,usd,2025,report-2026,p25,workbook-2026,all_by_country!A80:I80,,"Per-row app count is not published; report-wide sample is 8,000+ apps and 1,000,000+ ad groups.",
cr,country,all,all,TW,apple_ads,all,,aggregate,51.68,percent,2025,report-2026,p27,workbook-2026,all_by_country!A81:I81,,"Per-row app count is not published; report-wide sample is 8,000+ apps and 1,000,000+ ad groups.",
ttr,country,all,all,TW,apple_ads,all,,aggregate,7.7,percent,2025,report-2026,p26,workbook-2026,all_by_country!A81:I81,,"Per-row app count is not published; report-wide sample is 8,000+ apps and 1,000,000+ ad groups.",
cpt,country,all,all,TW,apple_ads,all,,aggregate,0.34,usd,2025,report-2026,p28,workbook-2026,all_by_country!A81:I81,,"Per-row app count is not published; report-wide sample is 8,000+ apps and 1,000,000+ ad groups.",
cpa,country,all,all,TW,apple_ads,all,,aggregate,0.66,usd,2025,report-2026,p25,workbook-2026,all_by_country!A81:I81,,"Per-row app count is not published; report-wide sample is 8,000+ apps and 1,000,000+ ad groups.",
cr,country,all,all,NP,apple_ads,all,,aggregate,51.4,percent,2025,report-2026,p27,workbook-2026,all_by_country!A82:I82,,"Per-row app count is not published; report-wide sample is 8,000+ apps and 1,000,000+ ad groups.",
ttr,country,all,all,NP,apple_ads,all,,aggregate,7.2,percent,2025,report-2026,p26,workbook-2026,all_by_country!A82:I82,,"Per-row app count is not published; report-wide sample is 8,000+ apps and 1,000,000+ ad groups.",
cpt,country,all,all,NP,apple_ads,all,,aggregate,0.11,usd,2025,report-2026,p28,workbook-2026,all_by_country!A82:I82,,"Per-row app count is not published; report-wide sample is 8,000+ apps and 1,000,000+ ad groups.",
cpa,country,all,all,NP,apple_ads,all,,aggregate,0.21,usd,2025,report-2026,p25,workbook-2026,all_by_country!A82:I82,,"Per-row app count is not published; report-wide sample is 8,000+ apps and 1,000,000+ ad groups.",
cr,country,all,all,KG,apple_ads,all,,aggregate,51.39,percent,2025,report-2026,p27,workbook-2026,all_by_country!A83:I83,,"Per-row app count is not published; report-wide sample is 8,000+ apps and 1,000,000+ ad groups.",
ttr,country,all,all,KG,apple_ads,all,,aggregate,9.6,percent,2025,report-2026,p26,workbook-2026,all_by_country!A83:I83,,"Per-row app count is not published; report-wide sample is 8,000+ apps and 1,000,000+ ad groups.",
cpt,country,all,all,KG,apple_ads,all,,aggregate,0.153,usd,2025,report-2026,p28,workbook-2026,all_by_country!A83:I83,,"Per-row app count is not published; report-wide sample is 8,000+ apps and 1,000,000+ ad groups.",
cpa,country,all,all,KG,apple_ads,all,,aggregate,0.3,usd,2025,report-2026,p25,workbook-2026,all_by_country!A83:I83,,"Per-row app count is not published; report-wide sample is 8,000+ apps and 1,000,000+ ad groups.",
cr,country,all,all,SG,apple_ads,all,,aggregate,49.49,percent,2025,report-2026,p27,workbook-2026,all_by_country!A84:I84,,"Per-row app count is not published; report-wide sample is 8,000+ apps and 1,000,000+ ad groups.",
ttr,country,all,all,SG,apple_ads,all,,aggregate,5.1,percent,2025,report-2026,p26,workbook-2026,all_by_country!A84:I84,,"Per-row app count is not published; report-wide sample is 8,000+ apps and 1,000,000+ ad groups.",
cpt,country,all,all,SG,apple_ads,all,,aggregate,0.496,usd,2025,report-2026,p28,workbook-2026,all_by_country!A84:I84,,"Per-row app count is not published; report-wide sample is 8,000+ apps and 1,000,000+ ad groups.",
cpa,country,all,all,SG,apple_ads,all,,aggregate,1,usd,2025,report-2026,p25,workbook-2026,all_by_country!A84:I84,,"Per-row app count is not published; report-wide sample is 8,000+ apps and 1,000,000+ ad groups.",
cr,country,all,all,CN,apple_ads,all,,aggregate,49.28,percent,2025,report-2026,p27,workbook-2026,all_by_country!A85:I85,,"Per-row app count is not published; report-wide sample is 8,000+ apps and 1,000,000+ ad groups.",
ttr,country,all,all,CN,apple_ads,all,,aggregate,4.8,percent,2025,report-2026,p26,workbook-2026,all_by_country!A85:I85,,"Per-row app count is not published; report-wide sample is 8,000+ apps and 1,000,000+ ad groups.",
cpt,country,all,all,CN,apple_ads,all,,aggregate,1.254,usd,2025,report-2026,p28,workbook-2026,all_by_country!A85:I85,,"Per-row app count is not published; report-wide sample is 8,000+ apps and 1,000,000+ ad groups.",
cpa,country,all,all,CN,apple_ads,all,,aggregate,2.54,usd,2025,report-2026,p25,workbook-2026,all_by_country!A85:I85,,"Per-row app count is not published; report-wide sample is 8,000+ apps and 1,000,000+ ad groups.",
cr,country,all,all,JP,apple_ads,all,,aggregate,49.28,percent,2025,report-2026,p27,workbook-2026,all_by_country!A86:I86,,"Per-row app count is not published; report-wide sample is 8,000+ apps and 1,000,000+ ad groups.",
ttr,country,all,all,JP,apple_ads,all,,aggregate,9.2,percent,2025,report-2026,p26,workbook-2026,all_by_country!A86:I86,,"Per-row app count is not published; report-wide sample is 8,000+ apps and 1,000,000+ ad groups.",
cpt,country,all,all,JP,apple_ads,all,,aggregate,0.732,usd,2025,report-2026,p28,workbook-2026,all_by_country!A86:I86,,"Per-row app count is not published; report-wide sample is 8,000+ apps and 1,000,000+ ad groups.",
cpa,country,all,all,JP,apple_ads,all,,aggregate,1.49,usd,2025,report-2026,p25,workbook-2026,all_by_country!A86:I86,,"Per-row app count is not published; report-wide sample is 8,000+ apps and 1,000,000+ ad groups.",
cr,country,all,all,PK,apple_ads,all,,aggregate,48.89,percent,2025,report-2026,p27,workbook-2026,all_by_country!A87:I87,,"Per-row app count is not published; report-wide sample is 8,000+ apps and 1,000,000+ ad groups.",
ttr,country,all,all,PK,apple_ads,all,,aggregate,6.3,percent,2025,report-2026,p26,workbook-2026,all_by_country!A87:I87,,"Per-row app count is not published; report-wide sample is 8,000+ apps and 1,000,000+ ad groups.",
cpt,country,all,all,PK,apple_ads,all,,aggregate,0.167,usd,2025,report-2026,p28,workbook-2026,all_by_country!A87:I87,,"Per-row app count is not published; report-wide sample is 8,000+ apps and 1,000,000+ ad groups.",
cpa,country,all,all,PK,apple_ads,all,,aggregate,0.34,usd,2025,report-2026,p25,workbook-2026,all_by_country!A87:I87,,"Per-row app count is not published; report-wide sample is 8,000+ apps and 1,000,000+ ad groups.",
cr,country,all,all,MO,apple_ads,all,,aggregate,47.96,percent,2025,report-2026,p27,workbook-2026,all_by_country!A88:I88,,"Per-row app count is not published; report-wide sample is 8,000+ apps and 1,000,000+ ad groups.",
ttr,country,all,all,MO,apple_ads,all,,aggregate,6,percent,2025,report-2026,p26,workbook-2026,all_by_country!A88:I88,,"Per-row app count is not published; report-wide sample is 8,000+ apps and 1,000,000+ ad groups.",
cpt,country,all,all,MO,apple_ads,all,,aggregate,0.298,usd,2025,report-2026,p28,workbook-2026,all_by_country!A88:I88,,"Per-row app count is not published; report-wide sample is 8,000+ apps and 1,000,000+ ad groups.",
cpa,country,all,all,MO,apple_ads,all,,aggregate,0.62,usd,2025,report-2026,p25,workbook-2026,all_by_country!A88:I88,,"Per-row app count is not published; report-wide sample is 8,000+ apps and 1,000,000+ ad groups.",
cr,country,all,all,HK,apple_ads,all,,aggregate,45.42,percent,2025,report-2026,p27,workbook-2026,all_by_country!A89:I89,,"Per-row app count is not published; report-wide sample is 8,000+ apps and 1,000,000+ ad groups.",
ttr,country,all,all,HK,apple_ads,all,,aggregate,6,percent,2025,report-2026,p26,workbook-2026,all_by_country!A89:I89,,"Per-row app count is not published; report-wide sample is 8,000+ apps and 1,000,000+ ad groups.",
cpt,country,all,all,HK,apple_ads,all,,aggregate,0.476,usd,2025,report-2026,p28,workbook-2026,all_by_country!A89:I89,,"Per-row app count is not published; report-wide sample is 8,000+ apps and 1,000,000+ ad groups.",
cpa,country,all,all,HK,apple_ads,all,,aggregate,1.05,usd,2025,report-2026,p25,workbook-2026,all_by_country!A89:I89,,"Per-row app count is not published; report-wide sample is 8,000+ apps and 1,000,000+ ad groups.",
cr,country,all,all,IS,apple_ads,all,,aggregate,44.77,percent,2025,report-2026,p27,workbook-2026,all_by_country!A90:I90,,"Per-row app count is not published; report-wide sample is 8,000+ apps and 1,000,000+ ad groups.",
ttr,country,all,all,IS,apple_ads,all,,aggregate,6.1,percent,2025,report-2026,p26,workbook-2026,all_by_country!A90:I90,,"Per-row app count is not published; report-wide sample is 8,000+ apps and 1,000,000+ ad groups.",
cpt,country,all,all,IS,apple_ads,all,,aggregate,0.434,usd,2025,report-2026,p28,workbook-2026,all_by_country!A90:I90,,"Per-row app count is not published; report-wide sample is 8,000+ apps and 1,000,000+ ad groups.",
cpa,country,all,all,IS,apple_ads,all,,aggregate,0.97,usd,2025,report-2026,p25,workbook-2026,all_by_country!A90:I90,,"Per-row app count is not published; report-wide sample is 8,000+ apps and 1,000,000+ ad groups.",
cr,country,all,all,LK,apple_ads,all,,aggregate,39.66,percent,2025,report-2026,p27,workbook-2026,all_by_country!A91:I91,,"Per-row app count is not published; report-wide sample is 8,000+ apps and 1,000,000+ ad groups.",
ttr,country,all,all,LK,apple_ads,all,,aggregate,7.4,percent,2025,report-2026,p26,workbook-2026,all_by_country!A91:I91,,"Per-row app count is not published; report-wide sample is 8,000+ apps and 1,000,000+ ad groups.",
cpt,country,all,all,LK,apple_ads,all,,aggregate,0.156,usd,2025,report-2026,p28,workbook-2026,all_by_country!A91:I91,,"Per-row app count is not published; report-wide sample is 8,000+ apps and 1,000,000+ ad groups.",
cpa,country,all,all,LK,apple_ads,all,,aggregate,0.39,usd,2025,report-2026,p25,workbook-2026,all_by_country!A91:I91,,"Per-row app count is not published; report-wide sample is 8,000+ apps and 1,000,000+ ad groups.",
cr,app_store_genre,utilities,all,global,apple_ads,all,,aggregate,73.61,percent,2025,report-2026,"p2,p4",workbook-2026,ttr_by_genre!A2:J2,,"Per-row app count is not published; report-wide sample is 8,000+ apps and 1,000,000+ ad groups.",
ttr,app_store_genre,utilities,all,global,apple_ads,all,,aggregate,19.5,percent,2025,report-2026,"p2,p4",workbook-2026,ttr_by_genre!A2:J2,,"Per-row app count is not published; report-wide sample is 8,000+ apps and 1,000,000+ ad groups.",
cpt,app_store_genre,utilities,all,global,apple_ads,all,,aggregate,0.51,usd,2025,report-2026,"p2,p4",workbook-2026,ttr_by_genre!A2:J2,,"Per-row app count is not published; report-wide sample is 8,000+ apps and 1,000,000+ ad groups.",
cpa,app_store_genre,utilities,all,global,apple_ads,all,,aggregate,0.69,usd,2025,report-2026,"p2,p4",workbook-2026,ttr_by_genre!A2:J2,,"Per-row app count is not published; report-wide sample is 8,000+ apps and 1,000,000+ ad groups.",
cr,app_store_genre,medical,all,global,apple_ads,all,,aggregate,62.78,percent,2025,report-2026,"p2,p4",workbook-2026,ttr_by_genre!A3:J3,,"Per-row app count is not published; report-wide sample is 8,000+ apps and 1,000,000+ ad groups.",
ttr,app_store_genre,medical,all,global,apple_ads,all,,aggregate,13.5,percent,2025,report-2026,"p2,p4",workbook-2026,ttr_by_genre!A3:J3,,"Per-row app count is not published; report-wide sample is 8,000+ apps and 1,000,000+ ad groups.",
cpt,app_store_genre,medical,all,global,apple_ads,all,,aggregate,1.21,usd,2025,report-2026,"p2,p4",workbook-2026,ttr_by_genre!A3:J3,,"Per-row app count is not published; report-wide sample is 8,000+ apps and 1,000,000+ ad groups.",
cpa,app_store_genre,medical,all,global,apple_ads,all,,aggregate,1.92,usd,2025,report-2026,"p2,p4",workbook-2026,ttr_by_genre!A3:J3,,"Per-row app count is not published; report-wide sample is 8,000+ apps and 1,000,000+ ad groups.",
cr,app_store_genre,sports,all,global,apple_ads,all,,aggregate,65.89,percent,2025,report-2026,"p2,p4",workbook-2026,ttr_by_genre!A4:J4,,"Per-row app count is not published; report-wide sample is 8,000+ apps and 1,000,000+ ad groups.",
ttr,app_store_genre,sports,all,global,apple_ads,all,,aggregate,13.5,percent,2025,report-2026,"p2,p4",workbook-2026,ttr_by_genre!A4:J4,,"Per-row app count is not published; report-wide sample is 8,000+ apps and 1,000,000+ ad groups.",
cpt,app_store_genre,sports,all,global,apple_ads,all,,aggregate,0.31,usd,2025,report-2026,"p2,p4",workbook-2026,ttr_by_genre!A4:J4,,"Per-row app count is not published; report-wide sample is 8,000+ apps and 1,000,000+ ad groups.",
cpa,app_store_genre,sports,all,global,apple_ads,all,,aggregate,0.47,usd,2025,report-2026,"p2,p4",workbook-2026,ttr_by_genre!A4:J4,,"Per-row app count is not published; report-wide sample is 8,000+ apps and 1,000,000+ ad groups.",
cr,app_store_genre,graphics-design,all,global,apple_ads,all,,aggregate,67.93,percent,2025,report-2026,"p2,p4",workbook-2026,ttr_by_genre!A5:J5,,"Per-row app count is not published; report-wide sample is 8,000+ apps and 1,000,000+ ad groups.",
ttr,app_store_genre,graphics-design,all,global,apple_ads,all,,aggregate,11.6,percent,2025,report-2026,"p2,p4",workbook-2026,ttr_by_genre!A5:J5,,"Per-row app count is not published; report-wide sample is 8,000+ apps and 1,000,000+ ad groups.",
cpt,app_store_genre,graphics-design,all,global,apple_ads,all,,aggregate,1.17,usd,2025,report-2026,"p2,p4",workbook-2026,ttr_by_genre!A5:J5,,"Per-row app count is not published; report-wide sample is 8,000+ apps and 1,000,000+ ad groups.",
cpa,app_store_genre,graphics-design,all,global,apple_ads,all,,aggregate,1.73,usd,2025,report-2026,"p2,p4",workbook-2026,ttr_by_genre!A5:J5,,"Per-row app count is not published; report-wide sample is 8,000+ apps and 1,000,000+ ad groups.",
cr,app_store_genre,education,all,global,apple_ads,all,,aggregate,66.1,percent,2025,report-2026,"p2,p4",workbook-2026,ttr_by_genre!A6:J6,,"Per-row app count is not published; report-wide sample is 8,000+ apps and 1,000,000+ ad groups.",
ttr,app_store_genre,education,all,global,apple_ads,all,,aggregate,11.1,percent,2025,report-2026,"p2,p4",workbook-2026,ttr_by_genre!A6:J6,,"Per-row app count is not published; report-wide sample is 8,000+ apps and 1,000,000+ ad groups.",
cpt,app_store_genre,education,all,global,apple_ads,all,,aggregate,1.38,usd,2025,report-2026,"p2,p4",workbook-2026,ttr_by_genre!A6:J6,,"Per-row app count is not published; report-wide sample is 8,000+ apps and 1,000,000+ ad groups.",
cpa,app_store_genre,education,all,global,apple_ads,all,,aggregate,2.09,usd,2025,report-2026,"p2,p4",workbook-2026,ttr_by_genre!A6:J6,,"Per-row app count is not published; report-wide sample is 8,000+ apps and 1,000,000+ ad groups.",
cr,app_store_genre,lifestyle,all,global,apple_ads,all,,aggregate,56.21,percent,2025,report-2026,"p2,p4",workbook-2026,ttr_by_genre!A7:J7,,"Per-row app count is not published; report-wide sample is 8,000+ apps and 1,000,000+ ad groups.",
ttr,app_store_genre,lifestyle,all,global,apple_ads,all,,aggregate,10,percent,2025,report-2026,"p2,p4",workbook-2026,ttr_by_genre!A7:J7,,"Per-row app count is not published; report-wide sample is 8,000+ apps and 1,000,000+ ad groups.",
cpt,app_store_genre,lifestyle,all,global,apple_ads,all,,aggregate,0.63,usd,2025,report-2026,"p2,p4",workbook-2026,ttr_by_genre!A7:J7,,"Per-row app count is not published; report-wide sample is 8,000+ apps and 1,000,000+ ad groups.",
cpa,app_store_genre,lifestyle,all,global,apple_ads,all,,aggregate,1.13,usd,2025,report-2026,"p2,p4",workbook-2026,ttr_by_genre!A7:J7,,"Per-row app count is not published; report-wide sample is 8,000+ apps and 1,000,000+ ad groups.",
cr,app_store_genre,finance,all,global,apple_ads,all,,aggregate,44.24,percent,2025,report-2026,"p2,p4",workbook-2026,ttr_by_genre!A8:J8,,"Per-row app count is not published; report-wide sample is 8,000+ apps and 1,000,000+ ad groups.",
ttr,app_store_genre,finance,all,global,apple_ads,all,,aggregate,9.7,percent,2025,report-2026,"p2,p4",workbook-2026,ttr_by_genre!A8:J8,,"Per-row app count is not published; report-wide sample is 8,000+ apps and 1,000,000+ ad groups.",
cpt,app_store_genre,finance,all,global,apple_ads,all,,aggregate,0.91,usd,2025,report-2026,"p2,p4",workbook-2026,ttr_by_genre!A8:J8,,"Per-row app count is not published; report-wide sample is 8,000+ apps and 1,000,000+ ad groups.",
cpa,app_store_genre,finance,all,global,apple_ads,all,,aggregate,2.05,usd,2025,report-2026,"p2,p4",workbook-2026,ttr_by_genre!A8:J8,,"Per-row app count is not published; report-wide sample is 8,000+ apps and 1,000,000+ ad groups.",
cr,app_store_genre,social-networking,all,global,apple_ads,all,,aggregate,61.46,percent,2025,report-2026,"p2,p4",workbook-2026,ttr_by_genre!A9:J9,,"Per-row app count is not published; report-wide sample is 8,000+ apps and 1,000,000+ ad groups.",
ttr,app_store_genre,social-networking,all,global,apple_ads,all,,aggregate,9.4,percent,2025,report-2026,"p2,p4",workbook-2026,ttr_by_genre!A9:J9,,"Per-row app count is not published; report-wide sample is 8,000+ apps and 1,000,000+ ad groups.",
cpt,app_store_genre,social-networking,all,global,apple_ads,all,,aggregate,0.61,usd,2025,report-2026,"p2,p4",workbook-2026,ttr_by_genre!A9:J9,,"Per-row app count is not published; report-wide sample is 8,000+ apps and 1,000,000+ ad groups.",
cpa,app_store_genre,social-networking,all,global,apple_ads,all,,aggregate,1,usd,2025,report-2026,"p2,p4",workbook-2026,ttr_by_genre!A9:J9,,"Per-row app count is not published; report-wide sample is 8,000+ apps and 1,000,000+ ad groups.",
cr,app_store_genre,business,all,global,apple_ads,all,,aggregate,62.47,percent,2025,report-2026,"p2,p4",workbook-2026,ttr_by_genre!A10:J10,,"Per-row app count is not published; report-wide sample is 8,000+ apps and 1,000,000+ ad groups.",
ttr,app_store_genre,business,all,global,apple_ads,all,,aggregate,8.9,percent,2025,report-2026,"p2,p4",workbook-2026,ttr_by_genre!A10:J10,,"Per-row app count is not published; report-wide sample is 8,000+ apps and 1,000,000+ ad groups.",
cpt,app_store_genre,business,all,global,apple_ads,all,,aggregate,2.14,usd,2025,report-2026,"p2,p4",workbook-2026,ttr_by_genre!A10:J10,,"Per-row app count is not published; report-wide sample is 8,000+ apps and 1,000,000+ ad groups.",
cpa,app_store_genre,business,all,global,apple_ads,all,,aggregate,3.42,usd,2025,report-2026,"p2,p4",workbook-2026,ttr_by_genre!A10:J10,,"Per-row app count is not published; report-wide sample is 8,000+ apps and 1,000,000+ ad groups.",
cr,app_store_genre,navigation,all,global,apple_ads,all,,aggregate,54.76,percent,2025,report-2026,"p2,p4",workbook-2026,ttr_by_genre!A11:J11,,"Per-row app count is not published; report-wide sample is 8,000+ apps and 1,000,000+ ad groups.",
ttr,app_store_genre,navigation,all,global,apple_ads,all,,aggregate,8.6,percent,2025,report-2026,"p2,p4",workbook-2026,ttr_by_genre!A11:J11,,"Per-row app count is not published; report-wide sample is 8,000+ apps and 1,000,000+ ad groups.",
cpt,app_store_genre,navigation,all,global,apple_ads,all,,aggregate,0.24,usd,2025,report-2026,"p2,p4",workbook-2026,ttr_by_genre!A11:J11,,"Per-row app count is not published; report-wide sample is 8,000+ apps and 1,000,000+ ad groups.",
cpa,app_store_genre,navigation,all,global,apple_ads,all,,aggregate,0.44,usd,2025,report-2026,"p2,p4",workbook-2026,ttr_by_genre!A11:J11,,"Per-row app count is not published; report-wide sample is 8,000+ apps and 1,000,000+ ad groups.",
cr,app_store_genre,music,all,global,apple_ads,all,,aggregate,59.52,percent,2025,report-2026,"p2,p4",workbook-2026,ttr_by_genre!A12:J12,,"Per-row app count is not published; report-wide sample is 8,000+ apps and 1,000,000+ ad groups.",
ttr,app_store_genre,music,all,global,apple_ads,all,,aggregate,8.5,percent,2025,report-2026,"p2,p4",workbook-2026,ttr_by_genre!A12:J12,,"Per-row app count is not published; report-wide sample is 8,000+ apps and 1,000,000+ ad groups.",
cpt,app_store_genre,music,all,global,apple_ads,all,,aggregate,1.05,usd,2025,report-2026,"p2,p4",workbook-2026,ttr_by_genre!A12:J12,,"Per-row app count is not published; report-wide sample is 8,000+ apps and 1,000,000+ ad groups.",
cpa,app_store_genre,music,all,global,apple_ads,all,,aggregate,1.76,usd,2025,report-2026,"p2,p4",workbook-2026,ttr_by_genre!A12:J12,,"Per-row app count is not published; report-wide sample is 8,000+ apps and 1,000,000+ ad groups.",
cr,app_store_genre,photo-video,all,global,apple_ads,all,,aggregate,63.52,percent,2025,report-2026,"p2,p4",workbook-2026,ttr_by_genre!A13:J13,,"Per-row app count is not published; report-wide sample is 8,000+ apps and 1,000,000+ ad groups.",
ttr,app_store_genre,photo-video,all,global,apple_ads,all,,aggregate,8.4,percent,2025,report-2026,"p2,p4",workbook-2026,ttr_by_genre!A13:J13,,"Per-row app count is not published; report-wide sample is 8,000+ apps and 1,000,000+ ad groups.",
cpt,app_store_genre,photo-video,all,global,apple_ads,all,,aggregate,0.69,usd,2025,report-2026,"p2,p4",workbook-2026,ttr_by_genre!A13:J13,,"Per-row app count is not published; report-wide sample is 8,000+ apps and 1,000,000+ ad groups.",
cpa,app_store_genre,photo-video,all,global,apple_ads,all,,aggregate,1.09,usd,2025,report-2026,"p2,p4",workbook-2026,ttr_by_genre!A13:J13,,"Per-row app count is not published; report-wide sample is 8,000+ apps and 1,000,000+ ad groups.",
cr,app_store_genre,reference,all,global,apple_ads,all,,aggregate,56.49,percent,2025,report-2026,"p2,p4",workbook-2026,ttr_by_genre!A14:J14,,"Per-row app count is not published; report-wide sample is 8,000+ apps and 1,000,000+ ad groups.",
ttr,app_store_genre,reference,all,global,apple_ads,all,,aggregate,8.2,percent,2025,report-2026,"p2,p4",workbook-2026,ttr_by_genre!A14:J14,,"Per-row app count is not published; report-wide sample is 8,000+ apps and 1,000,000+ ad groups.",
cpt,app_store_genre,reference,all,global,apple_ads,all,,aggregate,0.53,usd,2025,report-2026,"p2,p4",workbook-2026,ttr_by_genre!A14:J14,,"Per-row app count is not published; report-wide sample is 8,000+ apps and 1,000,000+ ad groups.",
cpa,app_store_genre,reference,all,global,apple_ads,all,,aggregate,0.93,usd,2025,report-2026,"p2,p4",workbook-2026,ttr_by_genre!A14:J14,,"Per-row app count is not published; report-wide sample is 8,000+ apps and 1,000,000+ ad groups.",
cr,app_store_genre,travel,all,global,apple_ads,all,,aggregate,59.13,percent,2025,report-2026,"p2,p4",workbook-2026,ttr_by_genre!A15:J15,,"Per-row app count is not published; report-wide sample is 8,000+ apps and 1,000,000+ ad groups.",
ttr,app_store_genre,travel,all,global,apple_ads,all,,aggregate,8,percent,2025,report-2026,"p2,p4",workbook-2026,ttr_by_genre!A15:J15,,"Per-row app count is not published; report-wide sample is 8,000+ apps and 1,000,000+ ad groups.",
cpt,app_store_genre,travel,all,global,apple_ads,all,,aggregate,0.61,usd,2025,report-2026,"p2,p4",workbook-2026,ttr_by_genre!A15:J15,,"Per-row app count is not published; report-wide sample is 8,000+ apps and 1,000,000+ ad groups.",
cpa,app_store_genre,travel,all,global,apple_ads,all,,aggregate,1.03,usd,2025,report-2026,"p2,p4",workbook-2026,ttr_by_genre!A15:J15,,"Per-row app count is not published; report-wide sample is 8,000+ apps and 1,000,000+ ad groups.",
cr,app_store_genre,productivity,all,global,apple_ads,all,,aggregate,60.15,percent,2025,report-2026,"p2,p4",workbook-2026,ttr_by_genre!A16:J16,,"Per-row app count is not published; report-wide sample is 8,000+ apps and 1,000,000+ ad groups.",
ttr,app_store_genre,productivity,all,global,apple_ads,all,,aggregate,8,percent,2025,report-2026,"p2,p4",workbook-2026,ttr_by_genre!A16:J16,,"Per-row app count is not published; report-wide sample is 8,000+ apps and 1,000,000+ ad groups.",
cpt,app_store_genre,productivity,all,global,apple_ads,all,,aggregate,0.89,usd,2025,report-2026,"p2,p4",workbook-2026,ttr_by_genre!A16:J16,,"Per-row app count is not published; report-wide sample is 8,000+ apps and 1,000,000+ ad groups.",
cpa,app_store_genre,productivity,all,global,apple_ads,all,,aggregate,1.48,usd,2025,report-2026,"p2,p4",workbook-2026,ttr_by_genre!A16:J16,,"Per-row app count is not published; report-wide sample is 8,000+ apps and 1,000,000+ ad groups.",
cr,app_store_genre,weather,all,global,apple_ads,all,,aggregate,53.89,percent,2025,report-2026,"p2,p4",workbook-2026,ttr_by_genre!A17:J17,,"Per-row app count is not published; report-wide sample is 8,000+ apps and 1,000,000+ ad groups.",
ttr,app_store_genre,weather,all,global,apple_ads,all,,aggregate,7.3,percent,2025,report-2026,"p2,p4",workbook-2026,ttr_by_genre!A17:J17,,"Per-row app count is not published; report-wide sample is 8,000+ apps and 1,000,000+ ad groups.",
cpt,app_store_genre,weather,all,global,apple_ads,all,,aggregate,0.37,usd,2025,report-2026,"p2,p4",workbook-2026,ttr_by_genre!A17:J17,,"Per-row app count is not published; report-wide sample is 8,000+ apps and 1,000,000+ ad groups.",
cpa,app_store_genre,weather,all,global,apple_ads,all,,aggregate,0.69,usd,2025,report-2026,"p2,p4",workbook-2026,ttr_by_genre!A17:J17,,"Per-row app count is not published; report-wide sample is 8,000+ apps and 1,000,000+ ad groups.",
cr,app_store_genre,games,all,global,apple_ads,all,,aggregate,56.86,percent,2025,report-2026,"p2,p4",workbook-2026,ttr_by_genre!A18:J18,,"Per-row app count is not published; report-wide sample is 8,000+ apps and 1,000,000+ ad groups.",
ttr,app_store_genre,games,all,global,apple_ads,all,,aggregate,7,percent,2025,report-2026,"p2,p4",workbook-2026,ttr_by_genre!A18:J18,,"Per-row app count is not published; report-wide sample is 8,000+ apps and 1,000,000+ ad groups.",
cpt,app_store_genre,games,all,global,apple_ads,all,,aggregate,0.3,usd,2025,report-2026,"p2,p4",workbook-2026,ttr_by_genre!A18:J18,,"Per-row app count is not published; report-wide sample is 8,000+ apps and 1,000,000+ ad groups.",
cpa,app_store_genre,games,all,global,apple_ads,all,,aggregate,0.52,usd,2025,report-2026,"p2,p4",workbook-2026,ttr_by_genre!A18:J18,,"Per-row app count is not published; report-wide sample is 8,000+ apps and 1,000,000+ ad groups.",
cr,app_store_genre,entertainment,all,global,apple_ads,all,,aggregate,42.48,percent,2025,report-2026,"p2,p4",workbook-2026,ttr_by_genre!A19:J19,,"Per-row app count is not published; report-wide sample is 8,000+ apps and 1,000,000+ ad groups.",
ttr,app_store_genre,entertainment,all,global,apple_ads,all,,aggregate,6.6,percent,2025,report-2026,"p2,p4",workbook-2026,ttr_by_genre!A19:J19,,"Per-row app count is not published; report-wide sample is 8,000+ apps and 1,000,000+ ad groups.",
cpt,app_store_genre,entertainment,all,global,apple_ads,all,,aggregate,0.36,usd,2025,report-2026,"p2,p4",workbook-2026,ttr_by_genre!A19:J19,,"Per-row app count is not published; report-wide sample is 8,000+ apps and 1,000,000+ ad groups.",
cpa,app_store_genre,entertainment,all,global,apple_ads,all,,aggregate,0.85,usd,2025,report-2026,"p2,p4",workbook-2026,ttr_by_genre!A19:J19,,"Per-row app count is not published; report-wide sample is 8,000+ apps and 1,000,000+ ad groups.",
cr,app_store_genre,health-fitness,all,global,apple_ads,all,,aggregate,51.65,percent,2025,report-2026,"p2,p4",workbook-2026,ttr_by_genre!A20:J20,,"Per-row app count is not published; report-wide sample is 8,000+ apps and 1,000,000+ ad groups.",
ttr,app_store_genre,health-fitness,all,global,apple_ads,all,,aggregate,6.1,percent,2025,report-2026,"p2,p4",workbook-2026,ttr_by_genre!A20:J20,,"Per-row app count is not published; report-wide sample is 8,000+ apps and 1,000,000+ ad groups.",
cpt,app_store_genre,health-fitness,all,global,apple_ads,all,,aggregate,1.62,usd,2025,report-2026,"p2,p4",workbook-2026,ttr_by_genre!A20:J20,,"Per-row app count is not published; report-wide sample is 8,000+ apps and 1,000,000+ ad groups.",
cpa,app_store_genre,health-fitness,all,global,apple_ads,all,,aggregate,3.14,usd,2025,report-2026,"p2,p4",workbook-2026,ttr_by_genre!A20:J20,,"Per-row app count is not published; report-wide sample is 8,000+ apps and 1,000,000+ ad groups.",
cr,app_store_genre,book,all,global,apple_ads,all,,aggregate,51.28,percent,2025,report-2026,"p2,p4",workbook-2026,ttr_by_genre!A21:J21,,"Per-row app count is not published; report-wide sample is 8,000+ apps and 1,000,000+ ad groups.",
ttr,app_store_genre,book,all,global,apple_ads,all,,aggregate,5.7,percent,2025,report-2026,"p2,p4",workbook-2026,ttr_by_genre!A21:J21,,"Per-row app count is not published; report-wide sample is 8,000+ apps and 1,000,000+ ad groups.",
cpt,app_store_genre,book,all,global,apple_ads,all,,aggregate,0.36,usd,2025,report-2026,"p2,p4",workbook-2026,ttr_by_genre!A21:J21,,"Per-row app count is not published; report-wide sample is 8,000+ apps and 1,000,000+ ad groups.",
cpa,app_store_genre,book,all,global,apple_ads,all,,aggregate,0.71,usd,2025,report-2026,"p2,p4",workbook-2026,ttr_by_genre!A21:J21,,"Per-row app count is not published; report-wide sample is 8,000+ apps and 1,000,000+ ad groups.",
cr,app_store_genre,food-drink,all,global,apple_ads,all,,aggregate,46.47,percent,2025,report-2026,"p2,p4",workbook-2026,ttr_by_genre!A22:J22,,"Per-row app count is not published; report-wide sample is 8,000+ apps and 1,000,000+ ad groups.",
ttr,app_store_genre,food-drink,all,global,apple_ads,all,,aggregate,2.8,percent,2025,report-2026,"p2,p4",workbook-2026,ttr_by_genre!A22:J22,,"Per-row app count is not published; report-wide sample is 8,000+ apps and 1,000,000+ ad groups.",
cpt,app_store_genre,food-drink,all,global,apple_ads,all,,aggregate,1.47,usd,2025,report-2026,"p2,p4",workbook-2026,ttr_by_genre!A22:J22,,"Per-row app count is not published; report-wide sample is 8,000+ apps and 1,000,000+ ad groups.",
cpa,app_store_genre,food-drink,all,global,apple_ads,all,,aggregate,3.16,usd,2025,report-2026,"p2,p4",workbook-2026,ttr_by_genre!A22:J22,,"Per-row app count is not published; report-wide sample is 8,000+ apps and 1,000,000+ ad groups.",
cr,app_store_genre,shopping,all,global,apple_ads,all,,aggregate,14.27,percent,2025,report-2026,"p2,p4",workbook-2026,ttr_by_genre!A23:J23,,"Per-row app count is not published; report-wide sample is 8,000+ apps and 1,000,000+ ad groups.",
ttr,app_store_genre,shopping,all,global,apple_ads,all,,aggregate,1.1,percent,2025,report-2026,"p2,p4",workbook-2026,ttr_by_genre!A23:J23,,"Per-row app count is not published; report-wide sample is 8,000+ apps and 1,000,000+ ad groups.",
cpt,app_store_genre,shopping,all,global,apple_ads,all,,aggregate,3.15,usd,2025,report-2026,"p2,p4",workbook-2026,ttr_by_genre!A23:J23,,"Per-row app count is not published; report-wide sample is 8,000+ apps and 1,000,000+ ad groups.",
cpa,app_store_genre,shopping,all,global,apple_ads,all,,aggregate,22.05,usd,2025,report-2026,"p2,p4",workbook-2026,ttr_by_genre!A23:J23,,"Per-row app count is not published; report-wide sample is 8,000+ apps and 1,000,000+ ad groups.",
cr,sub_niche,productivity,ai,global,apple_ads,all,,aggregate,67,percent,2025,report-2026,p36,workbook-2026,all_by_tag!A2:L2,,Per-row app count is not published; the report's published niche eligibility thresholds apply.,
ttr,sub_niche,productivity,ai,global,apple_ads,all,,aggregate,14.7,percent,2025,report-2026,p34,workbook-2026,all_by_tag!A2:L2,,Per-row app count is not published; the report's published niche eligibility thresholds apply.,
cpt,sub_niche,productivity,ai,global,apple_ads,all,,aggregate,1.55,usd,2025,report-2026,p35,workbook-2026,all_by_tag!A2:L2,,Per-row app count is not published; the report's published niche eligibility thresholds apply.,
cpa,sub_niche,productivity,ai,global,apple_ads,all,,aggregate,2.32,usd,2025,report-2026,p36,workbook-2026,all_by_tag!A2:L2,,Per-row app count is not published; the report's published niche eligibility thresholds apply.,
cr,sub_niche,photo-video,ai-art-generator,global,apple_ads,all,,aggregate,70.9,percent,2025,report-2026,p36,workbook-2026,all_by_tag!A3:L3,,Per-row app count is not published; the report's published niche eligibility thresholds apply.,
ttr,sub_niche,photo-video,ai-art-generator,global,apple_ads,all,,aggregate,13.4,percent,2025,report-2026,p34,workbook-2026,all_by_tag!A3:L3,,Per-row app count is not published; the report's published niche eligibility thresholds apply.,
cpt,sub_niche,photo-video,ai-art-generator,global,apple_ads,all,,aggregate,0.98,usd,2025,report-2026,p35,workbook-2026,all_by_tag!A3:L3,,Per-row app count is not published; the report's published niche eligibility thresholds apply.,
cpa,sub_niche,photo-video,ai-art-generator,global,apple_ads,all,,aggregate,1.39,usd,2025,report-2026,p36,workbook-2026,all_by_tag!A3:L3,,Per-row app count is not published; the report's published niche eligibility thresholds apply.,
cr,sub_niche,productivity,ai-chatbot,global,apple_ads,all,,aggregate,56.2,percent,2025,report-2026,p36,workbook-2026,all_by_tag!A4:L4,,Per-row app count is not published; the report's published niche eligibility thresholds apply.,
ttr,sub_niche,productivity,ai-chatbot,global,apple_ads,all,,aggregate,6.8,percent,2025,report-2026,p34,workbook-2026,all_by_tag!A4:L4,,Per-row app count is not published; the report's published niche eligibility thresholds apply.,
cpt,sub_niche,productivity,ai-chatbot,global,apple_ads,all,,aggregate,1.28,usd,2025,report-2026,p35,workbook-2026,all_by_tag!A4:L4,,Per-row app count is not published; the report's published niche eligibility thresholds apply.,
cpa,sub_niche,productivity,ai-chatbot,global,apple_ads,all,,aggregate,2.28,usd,2025,report-2026,p36,workbook-2026,all_by_tag!A4:L4,,Per-row app count is not published; the report's published niche eligibility thresholds apply.,
cr,sub_niche,music,ai-music-generator,global,apple_ads,all,,aggregate,63.6,percent,2025,report-2026,p36,workbook-2026,all_by_tag!A5:L5,,Per-row app count is not published; the report's published niche eligibility thresholds apply.,
ttr,sub_niche,music,ai-music-generator,global,apple_ads,all,,aggregate,10.2,percent,2025,report-2026,p34,workbook-2026,all_by_tag!A5:L5,,Per-row app count is not published; the report's published niche eligibility thresholds apply.,
cpt,sub_niche,music,ai-music-generator,global,apple_ads,all,,aggregate,1.68,usd,2025,report-2026,p35,workbook-2026,all_by_tag!A5:L5,,Per-row app count is not published; the report's published niche eligibility thresholds apply.,
cpa,sub_niche,music,ai-music-generator,global,apple_ads,all,,aggregate,2.64,usd,2025,report-2026,p36,workbook-2026,all_by_tag!A5:L5,,Per-row app count is not published; the report's published niche eligibility thresholds apply.,
cr,sub_niche,unclassified,apps,global,apple_ads,all,,aggregate,63.9,percent,2025,report-2026,p36,workbook-2026,all_by_tag!A6:L6,,Per-row app count is not published; the report's published niche eligibility thresholds apply.,"The workbook includes this tag, but the PDF taxonomy page does not assign it to a report category."
ttr,sub_niche,unclassified,apps,global,apple_ads,all,,aggregate,9.7,percent,2025,report-2026,p34,workbook-2026,all_by_tag!A6:L6,,Per-row app count is not published; the report's published niche eligibility thresholds apply.,"The workbook includes this tag, but the PDF taxonomy page does not assign it to a report category."
cpt,sub_niche,unclassified,apps,global,apple_ads,all,,aggregate,0.86,usd,2025,report-2026,p35,workbook-2026,all_by_tag!A6:L6,,Per-row app count is not published; the report's published niche eligibility thresholds apply.,"The workbook includes this tag, but the PDF taxonomy page does not assign it to a report category."
cpa,sub_niche,unclassified,apps,global,apple_ads,all,,aggregate,1.35,usd,2025,report-2026,p36,workbook-2026,all_by_tag!A6:L6,,Per-row app count is not published; the report's published niche eligibility thresholds apply.,"The workbook includes this tag, but the PDF taxonomy page does not assign it to a report category."
cr,sub_niche,entertainment,apps-for-games,global,apple_ads,all,,aggregate,33.2,percent,2025,report-2026,p36,workbook-2026,all_by_tag!A7:L7,,Per-row app count is not published; the report's published niche eligibility thresholds apply.,
ttr,sub_niche,entertainment,apps-for-games,global,apple_ads,all,,aggregate,7.1,percent,2025,report-2026,p34,workbook-2026,all_by_tag!A7:L7,,Per-row app count is not published; the report's published niche eligibility thresholds apply.,
cpt,sub_niche,entertainment,apps-for-games,global,apple_ads,all,,aggregate,0.34,usd,2025,report-2026,p35,workbook-2026,all_by_tag!A7:L7,,Per-row app count is not published; the report's published niche eligibility thresholds apply.,
cpa,sub_niche,entertainment,apps-for-games,global,apple_ads,all,,aggregate,1.03,usd,2025,report-2026,p36,workbook-2026,all_by_tag!A7:L7,,Per-row app count is not published; the report's published niche eligibility thresholds apply.,
cr,sub_niche,music,audio-music-editor,global,apple_ads,all,,aggregate,32.9,percent,2025,report-2026,p36,workbook-2026,all_by_tag!A8:L8,,Per-row app count is not published; the report's published niche eligibility thresholds apply.,
ttr,sub_niche,music,audio-music-editor,global,apple_ads,all,,aggregate,4.4,percent,2025,report-2026,p34,workbook-2026,all_by_tag!A8:L8,,Per-row app count is not published; the report's published niche eligibility thresholds apply.,
cpt,sub_niche,music,audio-music-editor,global,apple_ads,all,,aggregate,0.53,usd,2025,report-2026,p35,workbook-2026,all_by_tag!A8:L8,,Per-row app count is not published; the report's published niche eligibility thresholds apply.,
cpa,sub_niche,music,audio-music-editor,global,apple_ads,all,,aggregate,1.62,usd,2025,report-2026,p36,workbook-2026,all_by_tag!A8:L8,,Per-row app count is not published; the report's published niche eligibility thresholds apply.,
cr,sub_niche,books,audiobooks-ebooks,global,apple_ads,all,,aggregate,70.7,percent,2025,report-2026,p36,workbook-2026,all_by_tag!A9:L9,,Per-row app count is not published; the report's published niche eligibility thresholds apply.,
ttr,sub_niche,books,audiobooks-ebooks,global,apple_ads,all,,aggregate,19.4,percent,2025,report-2026,p34,workbook-2026,all_by_tag!A9:L9,,Per-row app count is not published; the report's published niche eligibility thresholds apply.,
cpt,sub_niche,books,audiobooks-ebooks,global,apple_ads,all,,aggregate,1.14,usd,2025,report-2026,p35,workbook-2026,all_by_tag!A9:L9,,Per-row app count is not published; the report's published niche eligibility thresholds apply.,
cpa,sub_niche,books,audiobooks-ebooks,global,apple_ads,all,,aggregate,1.61,usd,2025,report-2026,p36,workbook-2026,all_by_tag!A9:L9,,Per-row app count is not published; the report's published niche eligibility thresholds apply.,
cr,sub_niche,lifestyle,auto-vehicles,global,apple_ads,all,,aggregate,54,percent,2025,report-2026,p36,workbook-2026,all_by_tag!A10:L10,,Per-row app count is not published; the report's published niche eligibility thresholds apply.,
ttr,sub_niche,lifestyle,auto-vehicles,global,apple_ads,all,,aggregate,10.2,percent,2025,report-2026,p34,workbook-2026,all_by_tag!A10:L10,,Per-row app count is not published; the report's published niche eligibility thresholds apply.,
cpt,sub_niche,lifestyle,auto-vehicles,global,apple_ads,all,,aggregate,1.2,usd,2025,report-2026,p35,workbook-2026,all_by_tag!A10:L10,,Per-row app count is not published; the report's published niche eligibility thresholds apply.,
cpa,sub_niche,lifestyle,auto-vehicles,global,apple_ads,all,,aggregate,2.21,usd,2025,report-2026,p36,workbook-2026,all_by_tag!A10:L10,,Per-row app count is not published; the report's published niche eligibility thresholds apply.,
cr,sub_niche,books,books-reference,global,apple_ads,all,,aggregate,70.3,percent,2025,report-2026,p36,workbook-2026,all_by_tag!A11:L11,,Per-row app count is not published; the report's published niche eligibility thresholds apply.,
ttr,sub_niche,books,books-reference,global,apple_ads,all,,aggregate,18.1,percent,2025,report-2026,p34,workbook-2026,all_by_tag!A11:L11,,Per-row app count is not published; the report's published niche eligibility thresholds apply.,
cpt,sub_niche,books,books-reference,global,apple_ads,all,,aggregate,1.13,usd,2025,report-2026,p35,workbook-2026,all_by_tag!A11:L11,,Per-row app count is not published; the report's published niche eligibility thresholds apply.,
cpa,sub_niche,books,books-reference,global,apple_ads,all,,aggregate,1.62,usd,2025,report-2026,p36,workbook-2026,all_by_tag!A11:L11,,Per-row app count is not published; the report's published niche eligibility thresholds apply.,
cr,sub_niche,health-fitness,calorie-weight-tracker,global,apple_ads,all,,aggregate,64.1,percent,2025,report-2026,p36,workbook-2026,all_by_tag!A12:L12,,Per-row app count is not published; the report's published niche eligibility thresholds apply.,
ttr,sub_niche,health-fitness,calorie-weight-tracker,global,apple_ads,all,,aggregate,11.4,percent,2025,report-2026,p34,workbook-2026,all_by_tag!A12:L12,,Per-row app count is not published; the report's published niche eligibility thresholds apply.,
cpt,sub_niche,health-fitness,calorie-weight-tracker,global,apple_ads,all,,aggregate,1.72,usd,2025,report-2026,p35,workbook-2026,all_by_tag!A12:L12,,Per-row app count is not published; the report's published niche eligibility thresholds apply.,
cpa,sub_niche,health-fitness,calorie-weight-tracker,global,apple_ads,all,,aggregate,2.69,usd,2025,report-2026,p36,workbook-2026,all_by_tag!A12:L12,,Per-row app count is not published; the report's published niche eligibility thresholds apply.,
cr,sub_niche,utilities,document-scanner,global,apple_ads,all,,aggregate,63.1,percent,2025,report-2026,p36,workbook-2026,all_by_tag!A13:L13,,Per-row app count is not published; the report's published niche eligibility thresholds apply.,
ttr,sub_niche,utilities,document-scanner,global,apple_ads,all,,aggregate,7.6,percent,2025,report-2026,p34,workbook-2026,all_by_tag!A13:L13,,Per-row app count is not published; the report's published niche eligibility thresholds apply.,
cpt,sub_niche,utilities,document-scanner,global,apple_ads,all,,aggregate,2.36,usd,2025,report-2026,p35,workbook-2026,all_by_tag!A13:L13,,Per-row app count is not published; the report's published niche eligibility thresholds apply.,
cpa,sub_niche,utilities,document-scanner,global,apple_ads,all,,aggregate,3.74,usd,2025,report-2026,p36,workbook-2026,all_by_tag!A13:L13,,Per-row app count is not published; the report's published niche eligibility thresholds apply.,
cr,sub_niche,education,driver-license,global,apple_ads,all,,aggregate,56.4,percent,2025,report-2026,p36,workbook-2026,all_by_tag!A14:L14,,Per-row app count is not published; the report's published niche eligibility thresholds apply.,
ttr,sub_niche,education,driver-license,global,apple_ads,all,,aggregate,11.4,percent,2025,report-2026,p34,workbook-2026,all_by_tag!A14:L14,,Per-row app count is not published; the report's published niche eligibility thresholds apply.,
cpt,sub_niche,education,driver-license,global,apple_ads,all,,aggregate,1.29,usd,2025,report-2026,p35,workbook-2026,all_by_tag!A14:L14,,Per-row app count is not published; the report's published niche eligibility thresholds apply.,
cpa,sub_niche,education,driver-license,global,apple_ads,all,,aggregate,2.28,usd,2025,report-2026,p36,workbook-2026,all_by_tag!A14:L14,,Per-row app count is not published; the report's published niche eligibility thresholds apply.,
cr,sub_niche,education,education,global,apple_ads,all,,aggregate,65,percent,2025,report-2026,p36,workbook-2026,all_by_tag!A15:L15,,Per-row app count is not published; the report's published niche eligibility thresholds apply.,
ttr,sub_niche,education,education,global,apple_ads,all,,aggregate,5.5,percent,2025,report-2026,p34,workbook-2026,all_by_tag!A15:L15,,Per-row app count is not published; the report's published niche eligibility thresholds apply.,
cpt,sub_niche,education,education,global,apple_ads,all,,aggregate,1.42,usd,2025,report-2026,p35,workbook-2026,all_by_tag!A15:L15,,Per-row app count is not published; the report's published niche eligibility thresholds apply.,
cpa,sub_niche,education,education,global,apple_ads,all,,aggregate,2.18,usd,2025,report-2026,p36,workbook-2026,all_by_tag!A15:L15,,Per-row app count is not published; the report's published niche eligibility thresholds apply.,
cr,sub_niche,education,education-other,global,apple_ads,all,,aggregate,59,percent,2025,report-2026,p36,workbook-2026,all_by_tag!A16:L16,,Per-row app count is not published; the report's published niche eligibility thresholds apply.,
ttr,sub_niche,education,education-other,global,apple_ads,all,,aggregate,7.2,percent,2025,report-2026,p34,workbook-2026,all_by_tag!A16:L16,,Per-row app count is not published; the report's published niche eligibility thresholds apply.,
cpt,sub_niche,education,education-other,global,apple_ads,all,,aggregate,1.85,usd,2025,report-2026,p35,workbook-2026,all_by_tag!A16:L16,,Per-row app count is not published; the report's published niche eligibility thresholds apply.,
cpa,sub_niche,education,education-other,global,apple_ads,all,,aggregate,3.13,usd,2025,report-2026,p36,workbook-2026,all_by_tag!A16:L16,,Per-row app count is not published; the report's published niche eligibility thresholds apply.,
cr,sub_niche,entertainment,entertainment,global,apple_ads,all,,aggregate,55.5,percent,2025,report-2026,p36,workbook-2026,all_by_tag!A17:L17,,Per-row app count is not published; the report's published niche eligibility thresholds apply.,
ttr,sub_niche,entertainment,entertainment,global,apple_ads,all,,aggregate,7.5,percent,2025,report-2026,p34,workbook-2026,all_by_tag!A17:L17,,Per-row app count is not published; the report's published niche eligibility thresholds apply.,
cpt,sub_niche,entertainment,entertainment,global,apple_ads,all,,aggregate,0.55,usd,2025,report-2026,p35,workbook-2026,all_by_tag!A17:L17,,Per-row app count is not published; the report's published niche eligibility thresholds apply.,
cpa,sub_niche,entertainment,entertainment,global,apple_ads,all,,aggregate,1,usd,2025,report-2026,p36,workbook-2026,all_by_tag!A17:L17,,Per-row app count is not published; the report's published niche eligibility thresholds apply.,
cr,sub_niche,entertainment,entertainment-other,global,apple_ads,all,,aggregate,62.8,percent,2025,report-2026,p36,workbook-2026,all_by_tag!A18:L18,,Per-row app count is not published; the report's published niche eligibility thresholds apply.,
ttr,sub_niche,entertainment,entertainment-other,global,apple_ads,all,,aggregate,7.1,percent,2025,report-2026,p34,workbook-2026,all_by_tag!A18:L18,,Per-row app count is not published; the report's published niche eligibility thresholds apply.,
cpt,sub_niche,entertainment,entertainment-other,global,apple_ads,all,,aggregate,0.55,usd,2025,report-2026,p35,workbook-2026,all_by_tag!A18:L18,,Per-row app count is not published; the report's published niche eligibility thresholds apply.,
cpa,sub_niche,entertainment,entertainment-other,global,apple_ads,all,,aggregate,0.88,usd,2025,report-2026,p36,workbook-2026,all_by_tag!A18:L18,,Per-row app count is not published; the report's published niche eligibility thresholds apply.,
cr,sub_niche,education,exam-preparation,global,apple_ads,all,,aggregate,33.3,percent,2025,report-2026,p36,workbook-2026,all_by_tag!A19:L19,,Per-row app count is not published; the report's published niche eligibility thresholds apply.,
ttr,sub_niche,education,exam-preparation,global,apple_ads,all,,aggregate,1.3,percent,2025,report-2026,p34,workbook-2026,all_by_tag!A19:L19,,Per-row app count is not published; the report's published niche eligibility thresholds apply.,
cpt,sub_niche,education,exam-preparation,global,apple_ads,all,,aggregate,3.45,usd,2025,report-2026,p35,workbook-2026,all_by_tag!A19:L19,,Per-row app count is not published; the report's published niche eligibility thresholds apply.,
cpa,sub_niche,education,exam-preparation,global,apple_ads,all,,aggregate,10.34,usd,2025,report-2026,p36,workbook-2026,all_by_tag!A19:L19,,Per-row app count is not published; the report's published niche eligibility thresholds apply.,
cr,sub_niche,health-fitness,fitness-workouts,global,apple_ads,all,,aggregate,50,percent,2025,report-2026,p36,workbook-2026,all_by_tag!A20:L20,,Per-row app count is not published; the report's published niche eligibility thresholds apply.,
ttr,sub_niche,health-fitness,fitness-workouts,global,apple_ads,all,,aggregate,5.8,percent,2025,report-2026,p34,workbook-2026,all_by_tag!A20:L20,,Per-row app count is not published; the report's published niche eligibility thresholds apply.,
cpt,sub_niche,health-fitness,fitness-workouts,global,apple_ads,all,,aggregate,1.6,usd,2025,report-2026,p35,workbook-2026,all_by_tag!A20:L20,,Per-row app count is not published; the report's published niche eligibility thresholds apply.,
cpa,sub_niche,health-fitness,fitness-workouts,global,apple_ads,all,,aggregate,3.2,usd,2025,report-2026,p36,workbook-2026,all_by_tag!A20:L20,,Per-row app count is not published; the report's published niche eligibility thresholds apply.,
cr,sub_niche,travel,flight-tracking,global,apple_ads,all,,aggregate,61.9,percent,2025,report-2026,p36,workbook-2026,all_by_tag!A21:L21,,Per-row app count is not published; the report's published niche eligibility thresholds apply.,
ttr,sub_niche,travel,flight-tracking,global,apple_ads,all,,aggregate,11.4,percent,2025,report-2026,p34,workbook-2026,all_by_tag!A21:L21,,Per-row app count is not published; the report's published niche eligibility thresholds apply.,
cpt,sub_niche,travel,flight-tracking,global,apple_ads,all,,aggregate,0.49,usd,2025,report-2026,p35,workbook-2026,all_by_tag!A21:L21,,Per-row app count is not published; the report's published niche eligibility thresholds apply.,
cpa,sub_niche,travel,flight-tracking,global,apple_ads,all,,aggregate,0.79,usd,2025,report-2026,p36,workbook-2026,all_by_tag!A21:L21,,Per-row app count is not published; the report's published niche eligibility thresholds apply.,
cr,sub_niche,navigation,gps-search-tracking,global,apple_ads,all,,aggregate,49.9,percent,2025,report-2026,p36,workbook-2026,all_by_tag!A22:L22,,Per-row app count is not published; the report's published niche eligibility thresholds apply.,
ttr,sub_niche,navigation,gps-search-tracking,global,apple_ads,all,,aggregate,5.8,percent,2025,report-2026,p34,workbook-2026,all_by_tag!A22:L22,,Per-row app count is not published; the report's published niche eligibility thresholds apply.,
cpt,sub_niche,navigation,gps-search-tracking,global,apple_ads,all,,aggregate,1.15,usd,2025,report-2026,p35,workbook-2026,all_by_tag!A22:L22,,Per-row app count is not published; the report's published niche eligibility thresholds apply.,
cpa,sub_niche,navigation,gps-search-tracking,global,apple_ads,all,,aggregate,2.3,usd,2025,report-2026,p36,workbook-2026,all_by_tag!A22:L22,,Per-row app count is not published; the report's published niche eligibility thresholds apply.,
cr,sub_niche,productivity,generative-ai,global,apple_ads,all,,aggregate,69.1,percent,2025,report-2026,p36,workbook-2026,all_by_tag!A23:L23,,Per-row app count is not published; the report's published niche eligibility thresholds apply.,
ttr,sub_niche,productivity,generative-ai,global,apple_ads,all,,aggregate,12.2,percent,2025,report-2026,p34,workbook-2026,all_by_tag!A23:L23,,Per-row app count is not published; the report's published niche eligibility thresholds apply.,
cpt,sub_niche,productivity,generative-ai,global,apple_ads,all,,aggregate,1.08,usd,2025,report-2026,p35,workbook-2026,all_by_tag!A23:L23,,Per-row app count is not published; the report's published niche eligibility thresholds apply.,
cpa,sub_niche,productivity,generative-ai,global,apple_ads,all,,aggregate,1.56,usd,2025,report-2026,p36,workbook-2026,all_by_tag!A23:L23,,Per-row app count is not published; the report's published niche eligibility thresholds apply.,
cr,sub_niche,graphics-design,graphics-design,global,apple_ads,all,,aggregate,61,percent,2025,report-2026,p36,workbook-2026,all_by_tag!A24:L24,,Per-row app count is not published; the report's published niche eligibility thresholds apply.,
ttr,sub_niche,graphics-design,graphics-design,global,apple_ads,all,,aggregate,6.8,percent,2025,report-2026,p34,workbook-2026,all_by_tag!A24:L24,,Per-row app count is not published; the report's published niche eligibility thresholds apply.,
cpt,sub_niche,graphics-design,graphics-design,global,apple_ads,all,,aggregate,0.68,usd,2025,report-2026,p35,workbook-2026,all_by_tag!A24:L24,,Per-row app count is not published; the report's published niche eligibility thresholds apply.,
cpa,sub_niche,graphics-design,graphics-design,global,apple_ads,all,,aggregate,1.11,usd,2025,report-2026,p36,workbook-2026,all_by_tag!A24:L24,,Per-row app count is not published; the report's published niche eligibility thresholds apply.,
cr,sub_niche,health-fitness,health-fitness,global,apple_ads,all,,aggregate,54.2,percent,2025,report-2026,p36,workbook-2026,all_by_tag!A25:L25,,Per-row app count is not published; the report's published niche eligibility thresholds apply.,
ttr,sub_niche,health-fitness,health-fitness,global,apple_ads,all,,aggregate,6.7,percent,2025,report-2026,p34,workbook-2026,all_by_tag!A25:L25,,Per-row app count is not published; the report's published niche eligibility thresholds apply.,
cpt,sub_niche,health-fitness,health-fitness,global,apple_ads,all,,aggregate,1.64,usd,2025,report-2026,p35,workbook-2026,all_by_tag!A25:L25,,Per-row app count is not published; the report's published niche eligibility thresholds apply.,
cpa,sub_niche,health-fitness,health-fitness,global,apple_ads,all,,aggregate,3.02,usd,2025,report-2026,p36,workbook-2026,all_by_tag!A25:L25,,Per-row app count is not published; the report's published niche eligibility thresholds apply.,
cr,sub_niche,health-fitness,health-tracker,global,apple_ads,all,,aggregate,66,percent,2025,report-2026,p36,workbook-2026,all_by_tag!A26:L26,,Per-row app count is not published; the report's published niche eligibility thresholds apply.,
ttr,sub_niche,health-fitness,health-tracker,global,apple_ads,all,,aggregate,17.7,percent,2025,report-2026,p34,workbook-2026,all_by_tag!A26:L26,,Per-row app count is not published; the report's published niche eligibility thresholds apply.,
cpt,sub_niche,health-fitness,health-tracker,global,apple_ads,all,,aggregate,1.25,usd,2025,report-2026,p35,workbook-2026,all_by_tag!A26:L26,,Per-row app count is not published; the report's published niche eligibility thresholds apply.,
cpa,sub_niche,health-fitness,health-tracker,global,apple_ads,all,,aggregate,1.89,usd,2025,report-2026,p36,workbook-2026,all_by_tag!A26:L26,,Per-row app count is not published; the report's published niche eligibility thresholds apply.,
cr,sub_niche,lifestyle,home-garden,global,apple_ads,all,,aggregate,67.7,percent,2025,report-2026,p36,workbook-2026,all_by_tag!A27:L27,,Per-row app count is not published; the report's published niche eligibility thresholds apply.,
ttr,sub_niche,lifestyle,home-garden,global,apple_ads,all,,aggregate,18.1,percent,2025,report-2026,p34,workbook-2026,all_by_tag!A27:L27,,Per-row app count is not published; the report's published niche eligibility thresholds apply.,
cpt,sub_niche,lifestyle,home-garden,global,apple_ads,all,,aggregate,1.81,usd,2025,report-2026,p35,workbook-2026,all_by_tag!A27:L27,,Per-row app count is not published; the report's published niche eligibility thresholds apply.,
cpa,sub_niche,lifestyle,home-garden,global,apple_ads,all,,aggregate,2.67,usd,2025,report-2026,p36,workbook-2026,all_by_tag!A27:L27,,Per-row app count is not published; the report's published niche eligibility thresholds apply.,
cr,sub_niche,lifestyle,horoscope-astrology,global,apple_ads,all,,aggregate,58.7,percent,2025,report-2026,p36,workbook-2026,all_by_tag!A28:L28,,Per-row app count is not published; the report's published niche eligibility thresholds apply.,
ttr,sub_niche,lifestyle,horoscope-astrology,global,apple_ads,all,,aggregate,8.4,percent,2025,report-2026,p34,workbook-2026,all_by_tag!A28:L28,,Per-row app count is not published; the report's published niche eligibility thresholds apply.,
cpt,sub_niche,lifestyle,horoscope-astrology,global,apple_ads,all,,aggregate,1.06,usd,2025,report-2026,p35,workbook-2026,all_by_tag!A28:L28,,Per-row app count is not published; the report's published niche eligibility thresholds apply.,
cpa,sub_niche,lifestyle,horoscope-astrology,global,apple_ads,all,,aggregate,1.8,usd,2025,report-2026,p36,workbook-2026,all_by_tag!A28:L28,,Per-row app count is not published; the report's published niche eligibility thresholds apply.,
cr,sub_niche,lifestyle,lifestyle,global,apple_ads,all,,aggregate,64.7,percent,2025,report-2026,p36,workbook-2026,all_by_tag!A29:L29,,Per-row app count is not published; the report's published niche eligibility thresholds apply.,
ttr,sub_niche,lifestyle,lifestyle,global,apple_ads,all,,aggregate,15.2,percent,2025,report-2026,p34,workbook-2026,all_by_tag!A29:L29,,Per-row app count is not published; the report's published niche eligibility thresholds apply.,
cpt,sub_niche,lifestyle,lifestyle,global,apple_ads,all,,aggregate,1.32,usd,2025,report-2026,p35,workbook-2026,all_by_tag!A29:L29,,Per-row app count is not published; the report's published niche eligibility thresholds apply.,
cpa,sub_niche,lifestyle,lifestyle,global,apple_ads,all,,aggregate,2.04,usd,2025,report-2026,p36,workbook-2026,all_by_tag!A29:L29,,Per-row app count is not published; the report's published niche eligibility thresholds apply.,
cr,sub_niche,music,music-apps,global,apple_ads,all,,aggregate,54.7,percent,2025,report-2026,p36,workbook-2026,all_by_tag!A30:L30,,Per-row app count is not published; the report's published niche eligibility thresholds apply.,
ttr,sub_niche,music,music-apps,global,apple_ads,all,,aggregate,7.2,percent,2025,report-2026,p34,workbook-2026,all_by_tag!A30:L30,,Per-row app count is not published; the report's published niche eligibility thresholds apply.,
cpt,sub_niche,music,music-apps,global,apple_ads,all,,aggregate,0.65,usd,2025,report-2026,p35,workbook-2026,all_by_tag!A30:L30,,Per-row app count is not published; the report's published niche eligibility thresholds apply.,
cpa,sub_niche,music,music-apps,global,apple_ads,all,,aggregate,1.19,usd,2025,report-2026,p36,workbook-2026,all_by_tag!A30:L30,,Per-row app count is not published; the report's published niche eligibility thresholds apply.,
cr,sub_niche,music,music-apps-other,global,apple_ads,all,,aggregate,61.4,percent,2025,report-2026,p36,workbook-2026,all_by_tag!A31:L31,,Per-row app count is not published; the report's published niche eligibility thresholds apply.,
ttr,sub_niche,music,music-apps-other,global,apple_ads,all,,aggregate,8.8,percent,2025,report-2026,p34,workbook-2026,all_by_tag!A31:L31,,Per-row app count is not published; the report's published niche eligibility thresholds apply.,
cpt,sub_niche,music,music-apps-other,global,apple_ads,all,,aggregate,0.8,usd,2025,report-2026,p35,workbook-2026,all_by_tag!A31:L31,,Per-row app count is not published; the report's published niche eligibility thresholds apply.,
cpa,sub_niche,music,music-apps-other,global,apple_ads,all,,aggregate,1.3,usd,2025,report-2026,p36,workbook-2026,all_by_tag!A31:L31,,Per-row app count is not published; the report's published niche eligibility thresholds apply.,
cr,sub_niche,navigation,navigation,global,apple_ads,all,,aggregate,54.8,percent,2025,report-2026,p36,workbook-2026,all_by_tag!A32:L32,,Per-row app count is not published; the report's published niche eligibility thresholds apply.,
ttr,sub_niche,navigation,navigation,global,apple_ads,all,,aggregate,8.2,percent,2025,report-2026,p34,workbook-2026,all_by_tag!A32:L32,,Per-row app count is not published; the report's published niche eligibility thresholds apply.,
cpt,sub_niche,navigation,navigation,global,apple_ads,all,,aggregate,0.45,usd,2025,report-2026,p35,workbook-2026,all_by_tag!A32:L32,,Per-row app count is not published; the report's published niche eligibility thresholds apply.,
cpa,sub_niche,navigation,navigation,global,apple_ads,all,,aggregate,0.83,usd,2025,report-2026,p36,workbook-2026,all_by_tag!A32:L32,,Per-row app count is not published; the report's published niche eligibility thresholds apply.,
cr,sub_niche,navigation,navigation-other,global,apple_ads,all,,aggregate,63.2,percent,2025,report-2026,p36,workbook-2026,all_by_tag!A33:L33,,Per-row app count is not published; the report's published niche eligibility thresholds apply.,
ttr,sub_niche,navigation,navigation-other,global,apple_ads,all,,aggregate,11.5,percent,2025,report-2026,p34,workbook-2026,all_by_tag!A33:L33,,Per-row app count is not published; the report's published niche eligibility thresholds apply.,
cpt,sub_niche,navigation,navigation-other,global,apple_ads,all,,aggregate,0.54,usd,2025,report-2026,p35,workbook-2026,all_by_tag!A33:L33,,Per-row app count is not published; the report's published niche eligibility thresholds apply.,
cpa,sub_niche,navigation,navigation-other,global,apple_ads,all,,aggregate,0.85,usd,2025,report-2026,p36,workbook-2026,all_by_tag!A33:L33,,Per-row app count is not published; the report's published niche eligibility thresholds apply.,
cr,sub_niche,productivity,notes,global,apple_ads,all,,aggregate,47.2,percent,2025,report-2026,p36,workbook-2026,all_by_tag!A34:L34,,Per-row app count is not published; the report's published niche eligibility thresholds apply.,
ttr,sub_niche,productivity,notes,global,apple_ads,all,,aggregate,4.2,percent,2025,report-2026,p34,workbook-2026,all_by_tag!A34:L34,,Per-row app count is not published; the report's published niche eligibility thresholds apply.,
cpt,sub_niche,productivity,notes,global,apple_ads,all,,aggregate,3.08,usd,2025,report-2026,p35,workbook-2026,all_by_tag!A34:L34,,Per-row app count is not published; the report's published niche eligibility thresholds apply.,
cpa,sub_niche,productivity,notes,global,apple_ads,all,,aggregate,6.53,usd,2025,report-2026,p36,workbook-2026,all_by_tag!A34:L34,,Per-row app count is not published; the report's published niche eligibility thresholds apply.,
cr,sub_niche,productivity,office-suite,global,apple_ads,all,,aggregate,67.3,percent,2025,report-2026,p36,workbook-2026,all_by_tag!A35:L35,,Per-row app count is not published; the report's published niche eligibility thresholds apply.,
ttr,sub_niche,productivity,office-suite,global,apple_ads,all,,aggregate,11.7,percent,2025,report-2026,p34,workbook-2026,all_by_tag!A35:L35,,Per-row app count is not published; the report's published niche eligibility thresholds apply.,
cpt,sub_niche,productivity,office-suite,global,apple_ads,all,,aggregate,0.94,usd,2025,report-2026,p35,workbook-2026,all_by_tag!A35:L35,,Per-row app count is not published; the report's published niche eligibility thresholds apply.,
cpa,sub_niche,productivity,office-suite,global,apple_ads,all,,aggregate,1.4,usd,2025,report-2026,p36,workbook-2026,all_by_tag!A35:L35,,Per-row app count is not published; the report's published niche eligibility thresholds apply.,
cr,sub_niche,productivity,pdf-reader,global,apple_ads,all,,aggregate,77.9,percent,2025,report-2026,p36,workbook-2026,all_by_tag!A36:L36,,Per-row app count is not published; the report's published niche eligibility thresholds apply.,
ttr,sub_niche,productivity,pdf-reader,global,apple_ads,all,,aggregate,22,percent,2025,report-2026,p34,workbook-2026,all_by_tag!A36:L36,,Per-row app count is not published; the report's published niche eligibility thresholds apply.,
cpt,sub_niche,productivity,pdf-reader,global,apple_ads,all,,aggregate,3.36,usd,2025,report-2026,p35,workbook-2026,all_by_tag!A36:L36,,Per-row app count is not published; the report's published niche eligibility thresholds apply.,
cpa,sub_niche,productivity,pdf-reader,global,apple_ads,all,,aggregate,4.31,usd,2025,report-2026,p36,workbook-2026,all_by_tag!A36:L36,,Per-row app count is not published; the report's published niche eligibility thresholds apply.,
cr,sub_niche,entertainment,personalization,global,apple_ads,all,,aggregate,61.6,percent,2025,report-2026,p36,workbook-2026,all_by_tag!A37:L37,,Per-row app count is not published; the report's published niche eligibility thresholds apply.,
ttr,sub_niche,entertainment,personalization,global,apple_ads,all,,aggregate,10.8,percent,2025,report-2026,p34,workbook-2026,all_by_tag!A37:L37,,Per-row app count is not published; the report's published niche eligibility thresholds apply.,
cpt,sub_niche,entertainment,personalization,global,apple_ads,all,,aggregate,0.51,usd,2025,report-2026,p35,workbook-2026,all_by_tag!A37:L37,,Per-row app count is not published; the report's published niche eligibility thresholds apply.,
cpa,sub_niche,entertainment,personalization,global,apple_ads,all,,aggregate,0.83,usd,2025,report-2026,p36,workbook-2026,all_by_tag!A37:L37,,Per-row app count is not published; the report's published niche eligibility thresholds apply.,
cr,sub_niche,photo-video,photo-video,global,apple_ads,all,,aggregate,58.4,percent,2025,report-2026,p36,workbook-2026,all_by_tag!A38:L38,,Per-row app count is not published; the report's published niche eligibility thresholds apply.,
ttr,sub_niche,photo-video,photo-video,global,apple_ads,all,,aggregate,7.7,percent,2025,report-2026,p34,workbook-2026,all_by_tag!A38:L38,,Per-row app count is not published; the report's published niche eligibility thresholds apply.,
cpt,sub_niche,photo-video,photo-video,global,apple_ads,all,,aggregate,0.94,usd,2025,report-2026,p35,workbook-2026,all_by_tag!A38:L38,,Per-row app count is not published; the report's published niche eligibility thresholds apply.,
cpa,sub_niche,photo-video,photo-video,global,apple_ads,all,,aggregate,1.62,usd,2025,report-2026,p36,workbook-2026,all_by_tag!A38:L38,,Per-row app count is not published; the report's published niche eligibility thresholds apply.,
cr,sub_niche,photo-video,photo-video-other,global,apple_ads,all,,aggregate,57.1,percent,2025,report-2026,p36,workbook-2026,all_by_tag!A39:L39,,Per-row app count is not published; the report's published niche eligibility thresholds apply.,
ttr,sub_niche,photo-video,photo-video-other,global,apple_ads,all,,aggregate,9.3,percent,2025,report-2026,p34,workbook-2026,all_by_tag!A39:L39,,Per-row app count is not published; the report's published niche eligibility thresholds apply.,
cpt,sub_niche,photo-video,photo-video-other,global,apple_ads,all,,aggregate,0.46,usd,2025,report-2026,p35,workbook-2026,all_by_tag!A39:L39,,Per-row app count is not published; the report's published niche eligibility thresholds apply.,
cpa,sub_niche,photo-video,photo-video-other,global,apple_ads,all,,aggregate,0.8,usd,2025,report-2026,p36,workbook-2026,all_by_tag!A39:L39,,Per-row app count is not published; the report's published niche eligibility thresholds apply.,
cr,sub_niche,photo-video,photo-editor,global,apple_ads,all,,aggregate,57,percent,2025,report-2026,p36,workbook-2026,all_by_tag!A40:L40,,Per-row app count is not published; the report's published niche eligibility thresholds apply.,
ttr,sub_niche,photo-video,photo-editor,global,apple_ads,all,,aggregate,7,percent,2025,report-2026,p34,workbook-2026,all_by_tag!A40:L40,,Per-row app count is not published; the report's published niche eligibility thresholds apply.,
cpt,sub_niche,photo-video,photo-editor,global,apple_ads,all,,aggregate,0.81,usd,2025,report-2026,p35,workbook-2026,all_by_tag!A40:L40,,Per-row app count is not published; the report's published niche eligibility thresholds apply.,
cpa,sub_niche,photo-video,photo-editor,global,apple_ads,all,,aggregate,1.43,usd,2025,report-2026,p36,workbook-2026,all_by_tag!A40:L40,,Per-row app count is not published; the report's published niche eligibility thresholds apply.,
cr,sub_niche,graphics-design,poster-card-maker,global,apple_ads,all,,aggregate,69.5,percent,2025,report-2026,p36,workbook-2026,all_by_tag!A41:L41,,Per-row app count is not published; the report's published niche eligibility thresholds apply.,
ttr,sub_niche,graphics-design,poster-card-maker,global,apple_ads,all,,aggregate,8.7,percent,2025,report-2026,p34,workbook-2026,all_by_tag!A41:L41,,Per-row app count is not published; the report's published niche eligibility thresholds apply.,
cpt,sub_niche,graphics-design,poster-card-maker,global,apple_ads,all,,aggregate,0.73,usd,2025,report-2026,p35,workbook-2026,all_by_tag!A41:L41,,Per-row app count is not published; the report's published niche eligibility thresholds apply.,
cpa,sub_niche,graphics-design,poster-card-maker,global,apple_ads,all,,aggregate,1.05,usd,2025,report-2026,p36,workbook-2026,all_by_tag!A41:L41,,Per-row app count is not published; the report's published niche eligibility thresholds apply.,
cr,sub_niche,productivity,productivity,global,apple_ads,all,,aggregate,62,percent,2025,report-2026,p36,workbook-2026,all_by_tag!A42:L42,,Per-row app count is not published; the report's published niche eligibility thresholds apply.,
ttr,sub_niche,productivity,productivity,global,apple_ads,all,,aggregate,8.7,percent,2025,report-2026,p34,workbook-2026,all_by_tag!A42:L42,,Per-row app count is not published; the report's published niche eligibility thresholds apply.,
cpt,sub_niche,productivity,productivity,global,apple_ads,all,,aggregate,1.05,usd,2025,report-2026,p35,workbook-2026,all_by_tag!A42:L42,,Per-row app count is not published; the report's published niche eligibility thresholds apply.,
cpa,sub_niche,productivity,productivity,global,apple_ads,all,,aggregate,1.69,usd,2025,report-2026,p36,workbook-2026,all_by_tag!A42:L42,,Per-row app count is not published; the report's published niche eligibility thresholds apply.,
cr,sub_niche,utilities,recorder,global,apple_ads,all,,aggregate,62.4,percent,2025,report-2026,p36,workbook-2026,all_by_tag!A43:L43,,Per-row app count is not published; the report's published niche eligibility thresholds apply.,
ttr,sub_niche,utilities,recorder,global,apple_ads,all,,aggregate,10.1,percent,2025,report-2026,p34,workbook-2026,all_by_tag!A43:L43,,Per-row app count is not published; the report's published niche eligibility thresholds apply.,
cpt,sub_niche,utilities,recorder,global,apple_ads,all,,aggregate,0.61,usd,2025,report-2026,p35,workbook-2026,all_by_tag!A43:L43,,Per-row app count is not published; the report's published niche eligibility thresholds apply.,
cpa,sub_niche,utilities,recorder,global,apple_ads,all,,aggregate,0.98,usd,2025,report-2026,p36,workbook-2026,all_by_tag!A43:L43,,Per-row app count is not published; the report's published niche eligibility thresholds apply.,
cr,sub_niche,lifestyle,religion,global,apple_ads,all,,aggregate,59.9,percent,2025,report-2026,p36,workbook-2026,all_by_tag!A44:L44,,Per-row app count is not published; the report's published niche eligibility thresholds apply.,
ttr,sub_niche,lifestyle,religion,global,apple_ads,all,,aggregate,15.2,percent,2025,report-2026,p34,workbook-2026,all_by_tag!A44:L44,,Per-row app count is not published; the report's published niche eligibility thresholds apply.,
cpt,sub_niche,lifestyle,religion,global,apple_ads,all,,aggregate,0.24,usd,2025,report-2026,p35,workbook-2026,all_by_tag!A44:L44,,Per-row app count is not published; the report's published niche eligibility thresholds apply.,
cpa,sub_niche,lifestyle,religion,global,apple_ads,all,,aggregate,0.4,usd,2025,report-2026,p36,workbook-2026,all_by_tag!A44:L44,,Per-row app count is not published; the report's published niche eligibility thresholds apply.,
cr,sub_niche,utilities,remote-control,global,apple_ads,all,,aggregate,77.6,percent,2025,report-2026,p36,workbook-2026,all_by_tag!A45:L45,,Per-row app count is not published; the report's published niche eligibility thresholds apply.,
ttr,sub_niche,utilities,remote-control,global,apple_ads,all,,aggregate,25,percent,2025,report-2026,p34,workbook-2026,all_by_tag!A45:L45,,Per-row app count is not published; the report's published niche eligibility thresholds apply.,
cpt,sub_niche,utilities,remote-control,global,apple_ads,all,,aggregate,0.44,usd,2025,report-2026,p35,workbook-2026,all_by_tag!A45:L45,,Per-row app count is not published; the report's published niche eligibility thresholds apply.,
cpa,sub_niche,utilities,remote-control,global,apple_ads,all,,aggregate,0.56,usd,2025,report-2026,p36,workbook-2026,all_by_tag!A45:L45,,Per-row app count is not published; the report's published niche eligibility thresholds apply.,
cr,sub_niche,photo-video,screen-recorder,global,apple_ads,all,,aggregate,76.3,percent,2025,report-2026,p36,workbook-2026,all_by_tag!A46:L46,,Per-row app count is not published; the report's published niche eligibility thresholds apply.,
ttr,sub_niche,photo-video,screen-recorder,global,apple_ads,all,,aggregate,27,percent,2025,report-2026,p34,workbook-2026,all_by_tag!A46:L46,,Per-row app count is not published; the report's published niche eligibility thresholds apply.,
cpt,sub_niche,photo-video,screen-recorder,global,apple_ads,all,,aggregate,0.26,usd,2025,report-2026,p35,workbook-2026,all_by_tag!A46:L46,,Per-row app count is not published; the report's published niche eligibility thresholds apply.,
cpa,sub_niche,photo-video,screen-recorder,global,apple_ads,all,,aggregate,0.34,usd,2025,report-2026,p36,workbook-2026,all_by_tag!A46:L46,,Per-row app count is not published; the report's published niche eligibility thresholds apply.,
cr,sub_niche,social-networking,social,global,apple_ads,all,,aggregate,60.9,percent,2025,report-2026,p36,workbook-2026,all_by_tag!A47:L47,,Per-row app count is not published; the report's published niche eligibility thresholds apply.,
ttr,sub_niche,social-networking,social,global,apple_ads,all,,aggregate,6.4,percent,2025,report-2026,p34,workbook-2026,all_by_tag!A47:L47,,Per-row app count is not published; the report's published niche eligibility thresholds apply.,
cpt,sub_niche,social-networking,social,global,apple_ads,all,,aggregate,0.49,usd,2025,report-2026,p35,workbook-2026,all_by_tag!A47:L47,,Per-row app count is not published; the report's published niche eligibility thresholds apply.,
cpa,sub_niche,social-networking,social,global,apple_ads,all,,aggregate,0.81,usd,2025,report-2026,p36,workbook-2026,all_by_tag!A47:L47,,Per-row app count is not published; the report's published niche eligibility thresholds apply.,
cr,sub_niche,social-networking,social-account-stats,global,apple_ads,all,,aggregate,63.1,percent,2025,report-2026,p36,workbook-2026,all_by_tag!A48:L48,,Per-row app count is not published; the report's published niche eligibility thresholds apply.,
ttr,sub_niche,social-networking,social-account-stats,global,apple_ads,all,,aggregate,11.5,percent,2025,report-2026,p34,workbook-2026,all_by_tag!A48:L48,,Per-row app count is not published; the report's published niche eligibility thresholds apply.,
cpt,sub_niche,social-networking,social-account-stats,global,apple_ads,all,,aggregate,0.51,usd,2025,report-2026,p35,workbook-2026,all_by_tag!A48:L48,,Per-row app count is not published; the report's published niche eligibility thresholds apply.,
cpa,sub_niche,social-networking,social-account-stats,global,apple_ads,all,,aggregate,0.81,usd,2025,report-2026,p36,workbook-2026,all_by_tag!A48:L48,,Per-row app count is not published; the report's published niche eligibility thresholds apply.,
cr,sub_niche,entertainment,stickers-gifs-smileys-emoji,global,apple_ads,all,,aggregate,62.5,percent,2025,report-2026,p36,workbook-2026,all_by_tag!A49:L49,,Per-row app count is not published; the report's published niche eligibility thresholds apply.,
ttr,sub_niche,entertainment,stickers-gifs-smileys-emoji,global,apple_ads,all,,aggregate,12.2,percent,2025,report-2026,p34,workbook-2026,all_by_tag!A49:L49,,Per-row app count is not published; the report's published niche eligibility thresholds apply.,
cpt,sub_niche,entertainment,stickers-gifs-smileys-emoji,global,apple_ads,all,,aggregate,0.48,usd,2025,report-2026,p35,workbook-2026,all_by_tag!A49:L49,,Per-row app count is not published; the report's published niche eligibility thresholds apply.,
cpa,sub_niche,entertainment,stickers-gifs-smileys-emoji,global,apple_ads,all,,aggregate,0.76,usd,2025,report-2026,p36,workbook-2026,all_by_tag!A49:L49,,Per-row app count is not published; the report's published niche eligibility thresholds apply.,
cr,sub_niche,education,study,global,apple_ads,all,,aggregate,33.5,percent,2025,report-2026,p36,workbook-2026,all_by_tag!A50:L50,,Per-row app count is not published; the report's published niche eligibility thresholds apply.,
ttr,sub_niche,education,study,global,apple_ads,all,,aggregate,1.3,percent,2025,report-2026,p34,workbook-2026,all_by_tag!A50:L50,,Per-row app count is not published; the report's published niche eligibility thresholds apply.,
cpt,sub_niche,education,study,global,apple_ads,all,,aggregate,3.45,usd,2025,report-2026,p35,workbook-2026,all_by_tag!A50:L50,,Per-row app count is not published; the report's published niche eligibility thresholds apply.,
cpa,sub_niche,education,study,global,apple_ads,all,,aggregate,10.3,usd,2025,report-2026,p36,workbook-2026,all_by_tag!A50:L50,,Per-row app count is not published; the report's published niche eligibility thresholds apply.,
cr,sub_niche,productivity,time-planner,global,apple_ads,all,,aggregate,28.9,percent,2025,report-2026,p36,workbook-2026,all_by_tag!A51:L51,,Per-row app count is not published; the report's published niche eligibility thresholds apply.,
ttr,sub_niche,productivity,time-planner,global,apple_ads,all,,aggregate,3.5,percent,2025,report-2026,p34,workbook-2026,all_by_tag!A51:L51,,Per-row app count is not published; the report's published niche eligibility thresholds apply.,
cpt,sub_niche,productivity,time-planner,global,apple_ads,all,,aggregate,0.36,usd,2025,report-2026,p35,workbook-2026,all_by_tag!A51:L51,,Per-row app count is not published; the report's published niche eligibility thresholds apply.,
cpa,sub_niche,productivity,time-planner,global,apple_ads,all,,aggregate,1.25,usd,2025,report-2026,p36,workbook-2026,all_by_tag!A51:L51,,Per-row app count is not published; the report's published niche eligibility thresholds apply.,
cr,sub_niche,utilities,tools,global,apple_ads,all,,aggregate,70.1,percent,2025,report-2026,p36,workbook-2026,all_by_tag!A52:L52,,Per-row app count is not published; the report's published niche eligibility thresholds apply.,
ttr,sub_niche,utilities,tools,global,apple_ads,all,,aggregate,14.2,percent,2025,report-2026,p34,workbook-2026,all_by_tag!A52:L52,,Per-row app count is not published; the report's published niche eligibility thresholds apply.,
cpt,sub_niche,utilities,tools,global,apple_ads,all,,aggregate,0.58,usd,2025,report-2026,p35,workbook-2026,all_by_tag!A52:L52,,Per-row app count is not published; the report's published niche eligibility thresholds apply.,
cpa,sub_niche,utilities,tools,global,apple_ads,all,,aggregate,0.82,usd,2025,report-2026,p36,workbook-2026,all_by_tag!A52:L52,,Per-row app count is not published; the report's published niche eligibility thresholds apply.,
cr,sub_niche,utilities,tools-other,global,apple_ads,all,,aggregate,57.1,percent,2025,report-2026,p36,workbook-2026,all_by_tag!A53:L53,,Per-row app count is not published; the report's published niche eligibility thresholds apply.,
ttr,sub_niche,utilities,tools-other,global,apple_ads,all,,aggregate,7.7,percent,2025,report-2026,p34,workbook-2026,all_by_tag!A53:L53,,Per-row app count is not published; the report's published niche eligibility thresholds apply.,
cpt,sub_niche,utilities,tools-other,global,apple_ads,all,,aggregate,1.13,usd,2025,report-2026,p35,workbook-2026,all_by_tag!A53:L53,,Per-row app count is not published; the report's published niche eligibility thresholds apply.,
cpa,sub_niche,utilities,tools-other,global,apple_ads,all,,aggregate,1.98,usd,2025,report-2026,p36,workbook-2026,all_by_tag!A53:L53,,Per-row app count is not published; the report's published niche eligibility thresholds apply.,
cr,sub_niche,utilities,translator,global,apple_ads,all,,aggregate,60,percent,2025,report-2026,p36,workbook-2026,all_by_tag!A54:L54,,Per-row app count is not published; the report's published niche eligibility thresholds apply.,
ttr,sub_niche,utilities,translator,global,apple_ads,all,,aggregate,10.4,percent,2025,report-2026,p34,workbook-2026,all_by_tag!A54:L54,,Per-row app count is not published; the report's published niche eligibility thresholds apply.,
cpt,sub_niche,utilities,translator,global,apple_ads,all,,aggregate,0.68,usd,2025,report-2026,p35,workbook-2026,all_by_tag!A54:L54,,Per-row app count is not published; the report's published niche eligibility thresholds apply.,
cpa,sub_niche,utilities,translator,global,apple_ads,all,,aggregate,1.13,usd,2025,report-2026,p36,workbook-2026,all_by_tag!A54:L54,,Per-row app count is not published; the report's published niche eligibility thresholds apply.,
cr,sub_niche,travel,travel,global,apple_ads,all,,aggregate,61.2,percent,2025,report-2026,p36,workbook-2026,all_by_tag!A55:L55,,Per-row app count is not published; the report's published niche eligibility thresholds apply.,
ttr,sub_niche,travel,travel,global,apple_ads,all,,aggregate,10,percent,2025,report-2026,p34,workbook-2026,all_by_tag!A55:L55,,Per-row app count is not published; the report's published niche eligibility thresholds apply.,
cpt,sub_niche,travel,travel,global,apple_ads,all,,aggregate,0.64,usd,2025,report-2026,p35,workbook-2026,all_by_tag!A55:L55,,Per-row app count is not published; the report's published niche eligibility thresholds apply.,
cpa,sub_niche,travel,travel,global,apple_ads,all,,aggregate,1.04,usd,2025,report-2026,p36,workbook-2026,all_by_tag!A55:L55,,Per-row app count is not published; the report's published niche eligibility thresholds apply.,
cr,sub_niche,utilities,vpn,global,apple_ads,all,,aggregate,63.8,percent,2025,report-2026,p36,workbook-2026,all_by_tag!A56:L56,,Per-row app count is not published; the report's published niche eligibility thresholds apply.,
ttr,sub_niche,utilities,vpn,global,apple_ads,all,,aggregate,5.3,percent,2025,report-2026,p34,workbook-2026,all_by_tag!A56:L56,,Per-row app count is not published; the report's published niche eligibility thresholds apply.,
cpt,sub_niche,utilities,vpn,global,apple_ads,all,,aggregate,0.39,usd,2025,report-2026,p35,workbook-2026,all_by_tag!A56:L56,,Per-row app count is not published; the report's published niche eligibility thresholds apply.,
cpa,sub_niche,utilities,vpn,global,apple_ads,all,,aggregate,0.6,usd,2025,report-2026,p36,workbook-2026,all_by_tag!A56:L56,,Per-row app count is not published; the report's published niche eligibility thresholds apply.,
cr,sub_niche,photo-video,video-editor,global,apple_ads,all,,aggregate,60.7,percent,2025,report-2026,p36,workbook-2026,all_by_tag!A57:L57,,Per-row app count is not published; the report's published niche eligibility thresholds apply.,
ttr,sub_niche,photo-video,video-editor,global,apple_ads,all,,aggregate,8.5,percent,2025,report-2026,p34,workbook-2026,all_by_tag!A57:L57,,Per-row app count is not published; the report's published niche eligibility thresholds apply.,
cpt,sub_niche,photo-video,video-editor,global,apple_ads,all,,aggregate,1.32,usd,2025,report-2026,p35,workbook-2026,all_by_tag!A57:L57,,Per-row app count is not published; the report's published niche eligibility thresholds apply.,
cpa,sub_niche,photo-video,video-editor,global,apple_ads,all,,aggregate,2.17,usd,2025,report-2026,p36,workbook-2026,all_by_tag!A57:L57,,Per-row app count is not published; the report's published niche eligibility thresholds apply.,
cr,sub_niche,photo-video,video-players,global,apple_ads,all,,aggregate,60.2,percent,2025,report-2026,p36,workbook-2026,all_by_tag!A58:L58,,Per-row app count is not published; the report's published niche eligibility thresholds apply.,
ttr,sub_niche,photo-video,video-players,global,apple_ads,all,,aggregate,11.6,percent,2025,report-2026,p34,workbook-2026,all_by_tag!A58:L58,,Per-row app count is not published; the report's published niche eligibility thresholds apply.,
cpt,sub_niche,photo-video,video-players,global,apple_ads,all,,aggregate,0.33,usd,2025,report-2026,p35,workbook-2026,all_by_tag!A58:L58,,Per-row app count is not published; the report's published niche eligibility thresholds apply.,
cpa,sub_niche,photo-video,video-players,global,apple_ads,all,,aggregate,0.55,usd,2025,report-2026,p36,workbook-2026,all_by_tag!A58:L58,,Per-row app count is not published; the report's published niche eligibility thresholds apply.,
cr,sub_niche,weather,weather,global,apple_ads,all,,aggregate,53.8,percent,2025,report-2026,p36,workbook-2026,all_by_tag!A59:L59,,Per-row app count is not published; the report's published niche eligibility thresholds apply.,
ttr,sub_niche,weather,weather,global,apple_ads,all,,aggregate,7.3,percent,2025,report-2026,p34,workbook-2026,all_by_tag!A59:L59,,Per-row app count is not published; the report's published niche eligibility thresholds apply.,
cpt,sub_niche,weather,weather,global,apple_ads,all,,aggregate,0.37,usd,2025,report-2026,p35,workbook-2026,all_by_tag!A59:L59,,Per-row app count is not published; the report's published niche eligibility thresholds apply.,
cpa,sub_niche,weather,weather,global,apple_ads,all,,aggregate,0.69,usd,2025,report-2026,p36,workbook-2026,all_by_tag!A59:L59,,Per-row app count is not published; the report's published niche eligibility thresholds apply.,
cr,sub_niche,health-fitness,yoga,global,apple_ads,all,,aggregate,54.5,percent,2025,report-2026,p36,workbook-2026,all_by_tag!A60:L60,,Per-row app count is not published; the report's published niche eligibility thresholds apply.,
ttr,sub_niche,health-fitness,yoga,global,apple_ads,all,,aggregate,8.5,percent,2025,report-2026,p34,workbook-2026,all_by_tag!A60:L60,,Per-row app count is not published; the report's published niche eligibility thresholds apply.,
cpt,sub_niche,health-fitness,yoga,global,apple_ads,all,,aggregate,2.16,usd,2025,report-2026,p35,workbook-2026,all_by_tag!A60:L60,,Per-row app count is not published; the report's published niche eligibility thresholds apply.,
cpa,sub_niche,health-fitness,yoga,global,apple_ads,all,,aggregate,3.97,usd,2025,report-2026,p36,workbook-2026,all_by_tag!A60:L60,,Per-row app count is not published; the report's published niche eligibility thresholds apply.,
cpa,overall,all,all,global,apple_ads,all,,median,0.51,usd,2025,report-2026,p25,report-2026,p25,,"Per-row app count is not published; report-wide sample is 8,000+ apps and 1,000,000+ ad groups.",Median CPA across 90 countries.
cpa,overall,all,all,global,apple_ads,all,,spend_weighted_mean,1.34,usd,2025,report-2026,p25,report-2026,p25,,"Per-row app count is not published; report-wide sample is 8,000+ apps and 1,000,000+ ad groups.",Average CPA across countries weighted by spend.
cpt,overall,all,all,global,apple_ads,all,,median,0.32,usd,2025,report-2026,p29,report-2026,p29,,"Per-row app count is not published; report-wide sample is 8,000+ apps and 1,000,000+ ad groups.",Median CPT across 90 countries.
cr,overall,all,all,global,apple_ads,all,,median,62.23,percent,2025,report-2026,p29,report-2026,p29,,"Per-row app count is not published; report-wide sample is 8,000+ apps and 1,000,000+ ad groups.",Median tap-to-download CR across 90 countries.
ttr,overall,all,all,global,apple_ads,all,,p75,11.32,percent,2025,report-2026,p26,report-2026,p26,,"Per-row app count is not published; report-wide sample is 8,000+ apps and 1,000,000+ ad groups.",75th percentile TTR across countries.
cr,overall,all,all,global,apple_ads,all,,p75,65.16,percent,2025,report-2026,p27,report-2026,p27,,"Per-row app count is not published; report-wide sample is 8,000+ apps and 1,000,000+ ad groups.",75th percentile tap-to-download CR across countries.
